Component_Title,Component_Description,Component_Type,Rule_Id,Rule_Description,Profile_Source,Profile_Description,Control_Id_List,Namespace,Check_Id,Check_Description,Target_Component,Original_Risk_Rating,Adjusted_Risk_Rating,Risk_Adjustment,Parameter_Id,Parameter_Description,Parameter_Value_Alternatives,Parameter_Value_Default
example component,example description,service,example rule,example description,example href,example profile,example,https://oscal-compass.github.io/compliance-trestle/schemas/oscal,,,,,,,,,,
test-component,Testing trestlebot init,service,rule-ac-22,Rule for ac-22,trestle://profiles/nist_rev5_800_53/profile.json,NIST Special Publication 800-53 Revision 5 HIGH IMPACT BASELINE,ac-22,https://oscal-compass.github.io/compliance-trestle/schemas/oscal,,,,,,,,,,
test-component,Testing trestlebot init,service,rule-pe-6,Rule for pe-6,trestle://profiles/nist_rev5_800_53/profile.json,NIST Special Publication 800-53 Revision 5 HIGH IMPACT BASELINE,pe-6,https://oscal-compass.github.io/compliance-trestle/schemas/oscal,,,,,,,,,,
test-component,Testing trestlebot init,service,rule-au-9.4,Rule for au-9.4,trestle://profiles/nist_rev5_800_53/profile.json,NIST Special Publication 800-53 Revision 5 HIGH IMPACT BASELINE,au-9.4,https://oscal-compass.github.io/compliance-trestle/schemas/oscal,,,,,,,,,,
test-component,Testing trestlebot init,service,rule-sa-9.2,Rule for sa-9.2,trestle://profiles/nist_rev5_800_53/profile.json,NIST Special Publication 800-53 Revision 5 HIGH IMPACT BASELINE,sa-9.2,https://oscal-compass.github.io/compliance-trestle/schemas/oscal,,,,,,,,,,
test-component,Testing trestlebot init,service,rule-ir-6.3,Rule for ir-6.3,trestle://profiles/nist_rev5_800_53/profile.json,NIST Special Publication 800-53 Revision 5 HIGH IMPACT BASELINE,ir-6.3,https://oscal-compass.github.io/compliance-trestle/schemas/oscal,,,,,,,,,,
test-component,Testing trestlebot init,service,rule-sc-28,Rule for sc-28,trestle://profiles/nist_rev5_800_53/profile.json,NIST Special Publication 800-53 Revision 5 HIGH IMPACT BASELINE,sc-28,https://oscal-compass.github.io/compliance-trestle/schemas/oscal,,,,,,,,,,
test-component,Testing trestlebot init,service,rule-cp-8.4,Rule for cp-8.4,trestle://profiles/nist_rev5_800_53/profile.json,NIST Special Publication 800-53 Revision 5 HIGH IMPACT BASELINE,cp-8.4,https://oscal-compass.github.io/compliance-trestle/schemas/oscal,,,,,,,,,,
test-component,Testing trestlebot init,service,rule-cp-8.2,Rule for cp-8.2,trestle://profiles/nist_rev5_800_53/profile.json,NIST Special Publication 800-53 Revision 5 HIGH IMPACT BASELINE,cp-8.2,https://oscal-compass.github.io/compliance-trestle/schemas/oscal,,,,,,,,,,
test-component,Testing trestlebot init,service,rule-cp-6.3,Rule for cp-6.3,trestle://profiles/nist_rev5_800_53/profile.json,NIST Special Publication 800-53 Revision 5 HIGH IMPACT BASELINE,cp-6.3,https://oscal-compass.github.io/compliance-trestle/schemas/oscal,,,,,,,,,,
test-component,Testing trestlebot init,service,rule-si-7.2,Rule for si-7.2,trestle://profiles/nist_rev5_800_53/profile.json,NIST Special Publication 800-53 Revision 5 HIGH IMPACT BASELINE,si-7.2,https://oscal-compass.github.io/compliance-trestle/schemas/oscal,,,,,,,,,,
test-component,Testing trestlebot init,service,rule-ca-6,Rule for ca-6,trestle://profiles/nist_rev5_800_53/profile.json,NIST Special Publication 800-53 Revision 5 HIGH IMPACT BASELINE,ca-6,https://oscal-compass.github.io/compliance-trestle/schemas/oscal,,,,,,,,,,
test-component,Testing trestlebot init,service,rule-ir-3,Rule for ir-3,trestle://profiles/nist_rev5_800_53/profile.json,NIST Special Publication 800-53 Revision 5 HIGH IMPACT BASELINE,ir-3,https://oscal-compass.github.io/compliance-trestle/schemas/oscal,,,,,,,,,,
test-component,Testing trestlebot init,service,rule-sa-2,Rule for sa-2,trestle://profiles/nist_rev5_800_53/profile.json,NIST Special Publication 800-53 Revision 5 HIGH IMPACT BASELINE,sa-2,https://oscal-compass.github.io/compliance-trestle/schemas/oscal,,,,,,,,,,
test-component,Testing trestlebot init,service,rule-ma-5,Rule for ma-5,trestle://profiles/nist_rev5_800_53/profile.json,NIST Special Publication 800-53 Revision 5 HIGH IMPACT BASELINE,ma-5,https://oscal-compass.github.io/compliance-trestle/schemas/oscal,,,,,,,,,,
test-component,Testing trestlebot init,service,rule-sa-4,Rule for sa-4,trestle://profiles/nist_rev5_800_53/profile.json,NIST Special Publication 800-53 Revision 5 HIGH IMPACT BASELINE,sa-4,https://oscal-compass.github.io/compliance-trestle/schemas/oscal,,,,,,,,,,
test-component,Testing trestlebot init,service,rule-au-6.5,Rule for au-6.5,trestle://profiles/nist_rev5_800_53/profile.json,NIST Special Publication 800-53 Revision 5 HIGH IMPACT BASELINE,au-6.5,https://oscal-compass.github.io/compliance-trestle/schemas/oscal,,,,,,,,,,
test-component,Testing trestlebot init,service,rule-ps-1,Rule for ps-1,trestle://profiles/nist_rev5_800_53/profile.json,NIST Special Publication 800-53 Revision 5 HIGH IMPACT BASELINE,ps-1,https://oscal-compass.github.io/compliance-trestle/schemas/oscal,,,,,,,,,,
test-component,Testing trestlebot init,service,rule-cm-2.2,Rule for cm-2.2,trestle://profiles/nist_rev5_800_53/profile.json,NIST Special Publication 800-53 Revision 5 HIGH IMPACT BASELINE,cm-2.2,https://oscal-compass.github.io/compliance-trestle/schemas/oscal,,,,,,,,,,
test-component,Testing trestlebot init,service,rule-ca-8,Rule for ca-8,trestle://profiles/nist_rev5_800_53/profile.json,NIST Special Publication 800-53 Revision 5 HIGH IMPACT BASELINE,ca-8,https://oscal-compass.github.io/compliance-trestle/schemas/oscal,,,,,,,,,,
test-component,Testing trestlebot init,service,rule-ia-12.3,Rule for ia-12.3,trestle://profiles/nist_rev5_800_53/profile.json,NIST Special Publication 800-53 Revision 5 HIGH IMPACT BASELINE,ia-12.3,https://oscal-compass.github.io/compliance-trestle/schemas/oscal,,,,,,,,,,
test-component,Testing trestlebot init,service,rule-cm-8.3,Rule for cm-8.3,trestle://profiles/nist_rev5_800_53/profile.json,NIST Special Publication 800-53 Revision 5 HIGH IMPACT BASELINE,cm-8.3,https://oscal-compass.github.io/compliance-trestle/schemas/oscal,,,,,,,,,,
test-component,Testing trestlebot init,service,rule-sc-2,Rule for sc-2,trestle://profiles/nist_rev5_800_53/profile.json,NIST Special Publication 800-53 Revision 5 HIGH IMPACT BASELINE,sc-2,https://oscal-compass.github.io/compliance-trestle/schemas/oscal,,,,,,,,,,
test-component,Testing trestlebot init,service,rule-ca-7,Rule for ca-7,trestle://profiles/nist_rev5_800_53/profile.json,NIST Special Publication 800-53 Revision 5 HIGH IMPACT BASELINE,ca-7,https://oscal-compass.github.io/compliance-trestle/schemas/oscal,,,,,,,,,,
test-component,Testing trestlebot init,service,rule-pe-13.2,Rule for pe-13.2,trestle://profiles/nist_rev5_800_53/profile.json,NIST Special Publication 800-53 Revision 5 HIGH IMPACT BASELINE,pe-13.2,https://oscal-compass.github.io/compliance-trestle/schemas/oscal,,,,,,,,,,
test-component,Testing trestlebot init,service,rule-sr-8,Rule for sr-8,trestle://profiles/nist_rev5_800_53/profile.json,NIST Special Publication 800-53 Revision 5 HIGH IMPACT BASELINE,sr-8,https://oscal-compass.github.io/compliance-trestle/schemas/oscal,,,,,,,,,,
test-component,Testing trestlebot init,service,rule-at-2,Rule for at-2,trestle://profiles/nist_rev5_800_53/profile.json,NIST Special Publication 800-53 Revision 5 HIGH IMPACT BASELINE,at-2,https://oscal-compass.github.io/compliance-trestle/schemas/oscal,,,,,,,,,,
test-component,Testing trestlebot init,service,rule-cm-4.1,Rule for cm-4.1,trestle://profiles/nist_rev5_800_53/profile.json,NIST Special Publication 800-53 Revision 5 HIGH IMPACT BASELINE,cm-4.1,https://oscal-compass.github.io/compliance-trestle/schemas/oscal,,,,,,,,,,
test-component,Testing trestlebot init,service,rule-au-3.1,Rule for au-3.1,trestle://profiles/nist_rev5_800_53/profile.json,NIST Special Publication 800-53 Revision 5 HIGH IMPACT BASELINE,au-3.1,https://oscal-compass.github.io/compliance-trestle/schemas/oscal,,,,,,,,,,
test-component,Testing trestlebot init,service,rule-au-9.3,Rule for au-9.3,trestle://profiles/nist_rev5_800_53/profile.json,NIST Special Publication 800-53 Revision 5 HIGH IMPACT BASELINE,au-9.3,https://oscal-compass.github.io/compliance-trestle/schemas/oscal,,,,,,,,,,
test-component,Testing trestlebot init,service,rule-si-7.5,Rule for si-7.5,trestle://profiles/nist_rev5_800_53/profile.json,NIST Special Publication 800-53 Revision 5 HIGH IMPACT BASELINE,si-7.5,https://oscal-compass.github.io/compliance-trestle/schemas/oscal,,,,,,,,,,
test-component,Testing trestlebot init,service,rule-cp-10.2,Rule for cp-10.2,trestle://profiles/nist_rev5_800_53/profile.json,NIST Special Publication 800-53 Revision 5 HIGH IMPACT BASELINE,cp-10.2,https://oscal-compass.github.io/compliance-trestle/schemas/oscal,,,,,,,,,,
test-component,Testing trestlebot init,service,rule-cp-7,Rule for cp-7,trestle://profiles/nist_rev5_800_53/profile.json,NIST Special Publication 800-53 Revision 5 HIGH IMPACT BASELINE,cp-7,https://oscal-compass.github.io/compliance-trestle/schemas/oscal,,,,,,,,,,
test-component,Testing trestlebot init,service,rule-pl-8,Rule for pl-8,trestle://profiles/nist_rev5_800_53/profile.json,NIST Special Publication 800-53 Revision 5 HIGH IMPACT BASELINE,pl-8,https://oscal-compass.github.io/compliance-trestle/schemas/oscal,,,,,,,,,,
test-component,Testing trestlebot init,service,rule-ps-6,Rule for ps-6,trestle://profiles/nist_rev5_800_53/profile.json,NIST Special Publication 800-53 Revision 5 HIGH IMPACT BASELINE,ps-6,https://oscal-compass.github.io/compliance-trestle/schemas/oscal,,,,,,,,,,
test-component,Testing trestlebot init,service,rule-ac-4,Rule for ac-4,trestle://profiles/nist_rev5_800_53/profile.json,NIST Special Publication 800-53 Revision 5 HIGH IMPACT BASELINE,ac-4,https://oscal-compass.github.io/compliance-trestle/schemas/oscal,,,,,,,,,,
test-component,Testing trestlebot init,service,rule-ia-2.8,Rule for ia-2.8,trestle://profiles/nist_rev5_800_53/profile.json,NIST Special Publication 800-53 Revision 5 HIGH IMPACT BASELINE,ia-2.8,https://oscal-compass.github.io/compliance-trestle/schemas/oscal,,,,,,,,,,
test-component,Testing trestlebot init,service,rule-cp-3,Rule for cp-3,trestle://profiles/nist_rev5_800_53/profile.json,NIST Special Publication 800-53 Revision 5 HIGH IMPACT BASELINE,cp-3,https://oscal-compass.github.io/compliance-trestle/schemas/oscal,,,,,,,,,,
test-component,Testing trestlebot init,service,rule-ia-6,Rule for ia-6,trestle://profiles/nist_rev5_800_53/profile.json,NIST Special Publication 800-53 Revision 5 HIGH IMPACT BASELINE,ia-6,https://oscal-compass.github.io/compliance-trestle/schemas/oscal,,,,,,,,,,
test-component,Testing trestlebot init,service,rule-sa-5,Rule for sa-5,trestle://profiles/nist_rev5_800_53/profile.json,NIST Special Publication 800-53 Revision 5 HIGH IMPACT BASELINE,sa-5,https://oscal-compass.github.io/compliance-trestle/schemas/oscal,,,,,,,,,,
test-component,Testing trestlebot init,service,rule-cm-8.2,Rule for cm-8.2,trestle://profiles/nist_rev5_800_53/profile.json,NIST Special Publication 800-53 Revision 5 HIGH IMPACT BASELINE,cm-8.2,https://oscal-compass.github.io/compliance-trestle/schemas/oscal,,,,,,,,,,
test-component,Testing trestlebot init,service,rule-ac-18.1,Rule for ac-18.1,trestle://profiles/nist_rev5_800_53/profile.json,NIST Special Publication 800-53 Revision 5 HIGH IMPACT BASELINE,ac-18.1,https://oscal-compass.github.io/compliance-trestle/schemas/oscal,,,,,,,,,,
test-component,Testing trestlebot init,service,rule-sr-2,Rule for sr-2,trestle://profiles/nist_rev5_800_53/profile.json,NIST Special Publication 800-53 Revision 5 HIGH IMPACT BASELINE,sr-2,https://oscal-compass.github.io/compliance-trestle/schemas/oscal,,,,,,,,,,
test-component,Testing trestlebot init,service,rule-mp-6,Rule for mp-6,trestle://profiles/nist_rev5_800_53/profile.json,NIST Special Publication 800-53 Revision 5 HIGH IMPACT BASELINE,mp-6,https://oscal-compass.github.io/compliance-trestle/schemas/oscal,,,,,,,,,,
test-component,Testing trestlebot init,service,rule-sc-7.7,Rule for sc-7.7,trestle://profiles/nist_rev5_800_53/profile.json,NIST Special Publication 800-53 Revision 5 HIGH IMPACT BASELINE,sc-7.7,https://oscal-compass.github.io/compliance-trestle/schemas/oscal,,,,,,,,,,
test-component,Testing trestlebot init,service,rule-au-1,Rule for au-1,trestle://profiles/nist_rev5_800_53/profile.json,NIST Special Publication 800-53 Revision 5 HIGH IMPACT BASELINE,au-1,https://oscal-compass.github.io/compliance-trestle/schemas/oscal,,,,,,,,,,
test-component,Testing trestlebot init,service,rule-au-12.1,Rule for au-12.1,trestle://profiles/nist_rev5_800_53/profile.json,NIST Special Publication 800-53 Revision 5 HIGH IMPACT BASELINE,au-12.1,https://oscal-compass.github.io/compliance-trestle/schemas/oscal,,,,,,,,,,
test-component,Testing trestlebot init,service,rule-ac-6.1,Rule for ac-6.1,trestle://profiles/nist_rev5_800_53/profile.json,NIST Special Publication 800-53 Revision 5 HIGH IMPACT BASELINE,ac-6.1,https://oscal-compass.github.io/compliance-trestle/schemas/oscal,,,,,,,,,,
test-component,Testing trestlebot init,service,rule-ra-5.11,Rule for ra-5.11,trestle://profiles/nist_rev5_800_53/profile.json,NIST Special Publication 800-53 Revision 5 HIGH IMPACT BASELINE,ra-5.11,https://oscal-compass.github.io/compliance-trestle/schemas/oscal,,,,,,,,,,
test-component,Testing trestlebot init,service,rule-ra-3.1,Rule for ra-3.1,trestle://profiles/nist_rev5_800_53/profile.json,NIST Special Publication 800-53 Revision 5 HIGH IMPACT BASELINE,ra-3.1,https://oscal-compass.github.io/compliance-trestle/schemas/oscal,,,,,,,,,,
test-component,Testing trestlebot init,service,rule-si-5.1,Rule for si-5.1,trestle://profiles/nist_rev5_800_53/profile.json,NIST Special Publication 800-53 Revision 5 HIGH IMPACT BASELINE,si-5.1,https://oscal-compass.github.io/compliance-trestle/schemas/oscal,,,,,,,,,,
test-component,Testing trestlebot init,service,rule-ca-2,Rule for ca-2,trestle://profiles/nist_rev5_800_53/profile.json,NIST Special Publication 800-53 Revision 5 HIGH IMPACT BASELINE,ca-2,https://oscal-compass.github.io/compliance-trestle/schemas/oscal,,,,,,,,,,
test-component,Testing trestlebot init,service,rule-sr-10,Rule for sr-10,trestle://profiles/nist_rev5_800_53/profile.json,NIST Special Publication 800-53 Revision 5 HIGH IMPACT BASELINE,sr-10,https://oscal-compass.github.io/compliance-trestle/schemas/oscal,,,,,,,,,,
test-component,Testing trestlebot init,service,rule-ia-11,Rule for ia-11,trestle://profiles/nist_rev5_800_53/profile.json,NIST Special Publication 800-53 Revision 5 HIGH IMPACT BASELINE,ia-11,https://oscal-compass.github.io/compliance-trestle/schemas/oscal,,,,,,,,,,
test-component,Testing trestlebot init,service,rule-cm-4,Rule for cm-4,trestle://profiles/nist_rev5_800_53/profile.json,NIST Special Publication 800-53 Revision 5 HIGH IMPACT BASELINE,cm-4,https://oscal-compass.github.io/compliance-trestle/schemas/oscal,,,,,,,,,,
test-component,Testing trestlebot init,service,rule-cp-9.5,Rule for cp-9.5,trestle://profiles/nist_rev5_800_53/profile.json,NIST Special Publication 800-53 Revision 5 HIGH IMPACT BASELINE,cp-9.5,https://oscal-compass.github.io/compliance-trestle/schemas/oscal,,,,,,,,,,
test-component,Testing trestlebot init,service,rule-ia-4.4,Rule for ia-4.4,trestle://profiles/nist_rev5_800_53/profile.json,NIST Special Publication 800-53 Revision 5 HIGH IMPACT BASELINE,ia-4.4,https://oscal-compass.github.io/compliance-trestle/schemas/oscal,,,,,,,,,,
test-component,Testing trestlebot init,service,rule-pe-9,Rule for pe-9,trestle://profiles/nist_rev5_800_53/profile.json,NIST Special Publication 800-53 Revision 5 HIGH IMPACT BASELINE,pe-9,https://oscal-compass.github.io/compliance-trestle/schemas/oscal,,,,,,,,,,
test-component,Testing trestlebot init,service,rule-au-9.2,Rule for au-9.2,trestle://profiles/nist_rev5_800_53/profile.json,NIST Special Publication 800-53 Revision 5 HIGH IMPACT BASELINE,au-9.2,https://oscal-compass.github.io/compliance-trestle/schemas/oscal,,,,,,,,,,
test-component,Testing trestlebot init,service,rule-cm-6.2,Rule for cm-6.2,trestle://profiles/nist_rev5_800_53/profile.json,NIST Special Publication 800-53 Revision 5 HIGH IMPACT BASELINE,cm-6.2,https://oscal-compass.github.io/compliance-trestle/schemas/oscal,,,,,,,,,,
test-component,Testing trestlebot init,service,rule-au-3,Rule for au-3,trestle://profiles/nist_rev5_800_53/profile.json,NIST Special Publication 800-53 Revision 5 HIGH IMPACT BASELINE,au-3,https://oscal-compass.github.io/compliance-trestle/schemas/oscal,,,,,,,,,,
test-component,Testing trestlebot init,service,rule-si-4.5,Rule for si-4.5,trestle://profiles/nist_rev5_800_53/profile.json,NIST Special Publication 800-53 Revision 5 HIGH IMPACT BASELINE,si-4.5,https://oscal-compass.github.io/compliance-trestle/schemas/oscal,,,,,,,,,,
test-component,Testing trestlebot init,service,rule-cp-7.4,Rule for cp-7.4,trestle://profiles/nist_rev5_800_53/profile.json,NIST Special Publication 800-53 Revision 5 HIGH IMPACT BASELINE,cp-7.4,https://oscal-compass.github.io/compliance-trestle/schemas/oscal,,,,,,,,,,
test-component,Testing trestlebot init,service,rule-ac-2.1,Rule for ac-2.1,trestle://profiles/nist_rev5_800_53/profile.json,NIST Special Publication 800-53 Revision 5 HIGH IMPACT BASELINE,ac-2.1,https://oscal-compass.github.io/compliance-trestle/schemas/oscal,,,,,,,,,,
test-component,Testing trestlebot init,service,rule-ra-5.2,Rule for ra-5.2,trestle://profiles/nist_rev5_800_53/profile.json,NIST Special Publication 800-53 Revision 5 HIGH IMPACT BASELINE,ra-5.2,https://oscal-compass.github.io/compliance-trestle/schemas/oscal,,,,,,,,,,
test-component,Testing trestlebot init,service,rule-cp-1,Rule for cp-1,trestle://profiles/nist_rev5_800_53/profile.json,NIST Special Publication 800-53 Revision 5 HIGH IMPACT BASELINE,cp-1,https://oscal-compass.github.io/compliance-trestle/schemas/oscal,,,,,,,,,,
test-component,Testing trestlebot init,service,rule-ac-19.5,Rule for ac-19.5,trestle://profiles/nist_rev5_800_53/profile.json,NIST Special Publication 800-53 Revision 5 HIGH IMPACT BASELINE,ac-19.5,https://oscal-compass.github.io/compliance-trestle/schemas/oscal,,,,,,,,,,
test-component,Testing trestlebot init,service,rule-au-5.2,Rule for au-5.2,trestle://profiles/nist_rev5_800_53/profile.json,NIST Special Publication 800-53 Revision 5 HIGH IMPACT BASELINE,au-5.2,https://oscal-compass.github.io/compliance-trestle/schemas/oscal,,,,,,,,,,
test-component,Testing trestlebot init,service,rule-ir-4.11,Rule for ir-4.11,trestle://profiles/nist_rev5_800_53/profile.json,NIST Special Publication 800-53 Revision 5 HIGH IMPACT BASELINE,ir-4.11,https://oscal-compass.github.io/compliance-trestle/schemas/oscal,,,,,,,,,,
test-component,Testing trestlebot init,service,rule-cm-5,Rule for cm-5,trestle://profiles/nist_rev5_800_53/profile.json,NIST Special Publication 800-53 Revision 5 HIGH IMPACT BASELINE,cm-5,https://oscal-compass.github.io/compliance-trestle/schemas/oscal,,,,,,,,,,
test-component,Testing trestlebot init,service,rule-sr-12,Rule for sr-12,trestle://profiles/nist_rev5_800_53/profile.json,NIST Special Publication 800-53 Revision 5 HIGH IMPACT BASELINE,sr-12,https://oscal-compass.github.io/compliance-trestle/schemas/oscal,,,,,,,,,,
test-component,Testing trestlebot init,service,rule-mp-5,Rule for mp-5,trestle://profiles/nist_rev5_800_53/profile.json,NIST Special Publication 800-53 Revision 5 HIGH IMPACT BASELINE,mp-5,https://oscal-compass.github.io/compliance-trestle/schemas/oscal,,,,,,,,,,
test-component,Testing trestlebot init,service,rule-ma-2,Rule for ma-2,trestle://profiles/nist_rev5_800_53/profile.json,NIST Special Publication 800-53 Revision 5 HIGH IMPACT BASELINE,ma-2,https://oscal-compass.github.io/compliance-trestle/schemas/oscal,,,,,,,,,,
test-component,Testing trestlebot init,service,rule-cm-5.1,Rule for cm-5.1,trestle://profiles/nist_rev5_800_53/profile.json,NIST Special Publication 800-53 Revision 5 HIGH IMPACT BASELINE,cm-5.1,https://oscal-compass.github.io/compliance-trestle/schemas/oscal,,,,,,,,,,
test-component,Testing trestlebot init,service,rule-ac-6.7,Rule for ac-6.7,trestle://profiles/nist_rev5_800_53/profile.json,NIST Special Publication 800-53 Revision 5 HIGH IMPACT BASELINE,ac-6.7,https://oscal-compass.github.io/compliance-trestle/schemas/oscal,,,,,,,,,,
test-component,Testing trestlebot init,service,rule-si-12,Rule for si-12,trestle://profiles/nist_rev5_800_53/profile.json,NIST Special Publication 800-53 Revision 5 HIGH IMPACT BASELINE,si-12,https://oscal-compass.github.io/compliance-trestle/schemas/oscal,,,,,,,,,,
test-component,Testing trestlebot init,service,rule-ac-3,Rule for ac-3,trestle://profiles/nist_rev5_800_53/profile.json,NIST Special Publication 800-53 Revision 5 HIGH IMPACT BASELINE,ac-3,https://oscal-compass.github.io/compliance-trestle/schemas/oscal,,,,,,,,,,
test-component,Testing trestlebot init,service,rule-sc-8.1,Rule for sc-8.1,trestle://profiles/nist_rev5_800_53/profile.json,NIST Special Publication 800-53 Revision 5 HIGH IMPACT BASELINE,sc-8.1,https://oscal-compass.github.io/compliance-trestle/schemas/oscal,,,,,,,,,,
test-component,Testing trestlebot init,service,rule-pe-6.1,Rule for pe-6.1,trestle://profiles/nist_rev5_800_53/profile.json,NIST Special Publication 800-53 Revision 5 HIGH IMPACT BASELINE,pe-6.1,https://oscal-compass.github.io/compliance-trestle/schemas/oscal,,,,,,,,,,
test-component,Testing trestlebot init,service,rule-pl-2,Rule for pl-2,trestle://profiles/nist_rev5_800_53/profile.json,NIST Special Publication 800-53 Revision 5 HIGH IMPACT BASELINE,pl-2,https://oscal-compass.github.io/compliance-trestle/schemas/oscal,,,,,,,,,,
test-component,Testing trestlebot init,service,rule-ac-1,Rule for ac-1,trestle://profiles/nist_rev5_800_53/profile.json,NIST Special Publication 800-53 Revision 5 HIGH IMPACT BASELINE,ac-1,https://oscal-compass.github.io/compliance-trestle/schemas/oscal,,,,,,,,,,
test-component,Testing trestlebot init,service,rule-sr-11.1,Rule for sr-11.1,trestle://profiles/nist_rev5_800_53/profile.json,NIST Special Publication 800-53 Revision 5 HIGH IMPACT BASELINE,sr-11.1,https://oscal-compass.github.io/compliance-trestle/schemas/oscal,,,,,,,,,,
test-component,Testing trestlebot init,service,rule-pe-10,Rule for pe-10,trestle://profiles/nist_rev5_800_53/profile.json,NIST Special Publication 800-53 Revision 5 HIGH IMPACT BASELINE,pe-10,https://oscal-compass.github.io/compliance-trestle/schemas/oscal,,,,,,,,,,
test-component,Testing trestlebot init,service,rule-ia-7,Rule for ia-7,trestle://profiles/nist_rev5_800_53/profile.json,NIST Special Publication 800-53 Revision 5 HIGH IMPACT BASELINE,ia-7,https://oscal-compass.github.io/compliance-trestle/schemas/oscal,,,,,,,,,,
test-component,Testing trestlebot init,service,rule-ac-17.4,Rule for ac-17.4,trestle://profiles/nist_rev5_800_53/profile.json,NIST Special Publication 800-53 Revision 5 HIGH IMPACT BASELINE,ac-17.4,https://oscal-compass.github.io/compliance-trestle/schemas/oscal,,,,,,,,,,
test-component,Testing trestlebot init,service,rule-at-2.3,Rule for at-2.3,trestle://profiles/nist_rev5_800_53/profile.json,NIST Special Publication 800-53 Revision 5 HIGH IMPACT BASELINE,at-2.3,https://oscal-compass.github.io/compliance-trestle/schemas/oscal,,,,,,,,,,
test-component,Testing trestlebot init,service,rule-ps-9,Rule for ps-9,trestle://profiles/nist_rev5_800_53/profile.json,NIST Special Publication 800-53 Revision 5 HIGH IMPACT BASELINE,ps-9,https://oscal-compass.github.io/compliance-trestle/schemas/oscal,,,,,,,,,,
test-component,Testing trestlebot init,service,rule-ma-5.1,Rule for ma-5.1,trestle://profiles/nist_rev5_800_53/profile.json,NIST Special Publication 800-53 Revision 5 HIGH IMPACT BASELINE,ma-5.1,https://oscal-compass.github.io/compliance-trestle/schemas/oscal,,,,,,,,,,
test-component,Testing trestlebot init,service,rule-pe-11.1,Rule for pe-11.1,trestle://profiles/nist_rev5_800_53/profile.json,NIST Special Publication 800-53 Revision 5 HIGH IMPACT BASELINE,pe-11.1,https://oscal-compass.github.io/compliance-trestle/schemas/oscal,,,,,,,,,,
test-component,Testing trestlebot init,service,rule-ma-1,Rule for ma-1,trestle://profiles/nist_rev5_800_53/profile.json,NIST Special Publication 800-53 Revision 5 HIGH IMPACT BASELINE,ma-1,https://oscal-compass.github.io/compliance-trestle/schemas/oscal,,,,,,,,,,
test-component,Testing trestlebot init,service,rule-sa-4.1,Rule for sa-4.1,trestle://profiles/nist_rev5_800_53/profile.json,NIST Special Publication 800-53 Revision 5 HIGH IMPACT BASELINE,sa-4.1,https://oscal-compass.github.io/compliance-trestle/schemas/oscal,,,,,,,,,,
test-component,Testing trestlebot init,service,rule-pe-1,Rule for pe-1,trestle://profiles/nist_rev5_800_53/profile.json,NIST Special Publication 800-53 Revision 5 HIGH IMPACT BASELINE,pe-1,https://oscal-compass.github.io/compliance-trestle/schemas/oscal,,,,,,,,,,
test-component,Testing trestlebot init,service,rule-au-5.1,Rule for au-5.1,trestle://profiles/nist_rev5_800_53/profile.json,NIST Special Publication 800-53 Revision 5 HIGH IMPACT BASELINE,au-5.1,https://oscal-compass.github.io/compliance-trestle/schemas/oscal,,,,,,,,,,
test-component,Testing trestlebot init,service,rule-si-4.22,Rule for si-4.22,trestle://profiles/nist_rev5_800_53/profile.json,NIST Special Publication 800-53 Revision 5 HIGH IMPACT BASELINE,si-4.22,https://oscal-compass.github.io/compliance-trestle/schemas/oscal,,,,,,,,,,
test-component,Testing trestlebot init,service,rule-si-1,Rule for si-1,trestle://profiles/nist_rev5_800_53/profile.json,NIST Special Publication 800-53 Revision 5 HIGH IMPACT BASELINE,si-1,https://oscal-compass.github.io/compliance-trestle/schemas/oscal,,,,,,,,,,
test-component,Testing trestlebot init,service,rule-pe-13.1,Rule for pe-13.1,trestle://profiles/nist_rev5_800_53/profile.json,NIST Special Publication 800-53 Revision 5 HIGH IMPACT BASELINE,pe-13.1,https://oscal-compass.github.io/compliance-trestle/schemas/oscal,,,,,,,,,,
test-component,Testing trestlebot init,service,rule-pe-5,Rule for pe-5,trestle://profiles/nist_rev5_800_53/profile.json,NIST Special Publication 800-53 Revision 5 HIGH IMPACT BASELINE,pe-5,https://oscal-compass.github.io/compliance-trestle/schemas/oscal,,,,,,,,,,
test-component,Testing trestlebot init,service,rule-sc-21,Rule for sc-21,trestle://profiles/nist_rev5_800_53/profile.json,NIST Special Publication 800-53 Revision 5 HIGH IMPACT BASELINE,sc-21,https://oscal-compass.github.io/compliance-trestle/schemas/oscal,,,,,,,,,,
test-component,Testing trestlebot init,service,rule-cm-7,Rule for cm-7,trestle://profiles/nist_rev5_800_53/profile.json,NIST Special Publication 800-53 Revision 5 HIGH IMPACT BASELINE,cm-7,https://oscal-compass.github.io/compliance-trestle/schemas/oscal,,,,,,,,,,
test-component,Testing trestlebot init,service,rule-mp-7,Rule for mp-7,trestle://profiles/nist_rev5_800_53/profile.json,NIST Special Publication 800-53 Revision 5 HIGH IMPACT BASELINE,mp-7,https://oscal-compass.github.io/compliance-trestle/schemas/oscal,,,,,,,,,,
test-component,Testing trestlebot init,service,rule-si-8,Rule for si-8,trestle://profiles/nist_rev5_800_53/profile.json,NIST Special Publication 800-53 Revision 5 HIGH IMPACT BASELINE,si-8,https://oscal-compass.github.io/compliance-trestle/schemas/oscal,,,,,,,,,,
test-component,Testing trestlebot init,service,rule-cp-3.1,Rule for cp-3.1,trestle://profiles/nist_rev5_800_53/profile.json,NIST Special Publication 800-53 Revision 5 HIGH IMPACT BASELINE,cp-3.1,https://oscal-compass.github.io/compliance-trestle/schemas/oscal,,,,,,,,,,
test-component,Testing trestlebot init,service,rule-ia-5,Rule for ia-5,trestle://profiles/nist_rev5_800_53/profile.json,NIST Special Publication 800-53 Revision 5 HIGH IMPACT BASELINE,ia-5,https://oscal-compass.github.io/compliance-trestle/schemas/oscal,,,,,,,,,,
test-component,Testing trestlebot init,service,rule-si-4.4,Rule for si-4.4,trestle://profiles/nist_rev5_800_53/profile.json,NIST Special Publication 800-53 Revision 5 HIGH IMPACT BASELINE,si-4.4,https://oscal-compass.github.io/compliance-trestle/schemas/oscal,,,,,,,,,,
test-component,Testing trestlebot init,service,rule-cm-10,Rule for cm-10,trestle://profiles/nist_rev5_800_53/profile.json,NIST Special Publication 800-53 Revision 5 HIGH IMPACT BASELINE,cm-10,https://oscal-compass.github.io/compliance-trestle/schemas/oscal,,,,,,,,,,
test-component,Testing trestlebot init,service,rule-sa-1,Rule for sa-1,trestle://profiles/nist_rev5_800_53/profile.json,NIST Special Publication 800-53 Revision 5 HIGH IMPACT BASELINE,sa-1,https://oscal-compass.github.io/compliance-trestle/schemas/oscal,,,,,,,,,,
test-component,Testing trestlebot init,service,rule-cm-2.3,Rule for cm-2.3,trestle://profiles/nist_rev5_800_53/profile.json,NIST Special Publication 800-53 Revision 5 HIGH IMPACT BASELINE,cm-2.3,https://oscal-compass.github.io/compliance-trestle/schemas/oscal,,,,,,,,,,
test-component,Testing trestlebot init,service,rule-sc-10,Rule for sc-10,trestle://profiles/nist_rev5_800_53/profile.json,NIST Special Publication 800-53 Revision 5 HIGH IMPACT BASELINE,sc-10,https://oscal-compass.github.io/compliance-trestle/schemas/oscal,,,,,,,,,,
test-component,Testing trestlebot init,service,rule-ia-5.2,Rule for ia-5.2,trestle://profiles/nist_rev5_800_53/profile.json,NIST Special Publication 800-53 Revision 5 HIGH IMPACT BASELINE,ia-5.2,https://oscal-compass.github.io/compliance-trestle/schemas/oscal,,,,,,,,,,
test-component,Testing trestlebot init,service,rule-au-10,Rule for au-10,trestle://profiles/nist_rev5_800_53/profile.json,NIST Special Publication 800-53 Revision 5 HIGH IMPACT BASELINE,au-10,https://oscal-compass.github.io/compliance-trestle/schemas/oscal,,,,,,,,,,
test-component,Testing trestlebot init,service,rule-ma-3,Rule for ma-3,trestle://profiles/nist_rev5_800_53/profile.json,NIST Special Publication 800-53 Revision 5 HIGH IMPACT BASELINE,ma-3,https://oscal-compass.github.io/compliance-trestle/schemas/oscal,,,,,,,,,,
test-component,Testing trestlebot init,service,rule-cm-9,Rule for cm-9,trestle://profiles/nist_rev5_800_53/profile.json,NIST Special Publication 800-53 Revision 5 HIGH IMPACT BASELINE,cm-9,https://oscal-compass.github.io/compliance-trestle/schemas/oscal,,,,,,,,,,
test-component,Testing trestlebot init,service,rule-sa-15.3,Rule for sa-15.3,trestle://profiles/nist_rev5_800_53/profile.json,NIST Special Publication 800-53 Revision 5 HIGH IMPACT BASELINE,sa-15.3,https://oscal-compass.github.io/compliance-trestle/schemas/oscal,,,,,,,,,,
test-component,Testing trestlebot init,service,rule-ac-2.3,Rule for ac-2.3,trestle://profiles/nist_rev5_800_53/profile.json,NIST Special Publication 800-53 Revision 5 HIGH IMPACT BASELINE,ac-2.3,https://oscal-compass.github.io/compliance-trestle/schemas/oscal,,,,,,,,,,
test-component,Testing trestlebot init,service,rule-ac-20.2,Rule for ac-20.2,trestle://profiles/nist_rev5_800_53/profile.json,NIST Special Publication 800-53 Revision 5 HIGH IMPACT BASELINE,ac-20.2,https://oscal-compass.github.io/compliance-trestle/schemas/oscal,,,,,,,,,,
test-component,Testing trestlebot init,service,rule-sa-17,Rule for sa-17,trestle://profiles/nist_rev5_800_53/profile.json,NIST Special Publication 800-53 Revision 5 HIGH IMPACT BASELINE,sa-17,https://oscal-compass.github.io/compliance-trestle/schemas/oscal,,,,,,,,,,
test-component,Testing trestlebot init,service,rule-ac-5,Rule for ac-5,trestle://profiles/nist_rev5_800_53/profile.json,NIST Special Publication 800-53 Revision 5 HIGH IMPACT BASELINE,ac-5,https://oscal-compass.github.io/compliance-trestle/schemas/oscal,,,,,,,,,,
test-component,Testing trestlebot init,service,rule-cp-2.3,Rule for cp-2.3,trestle://profiles/nist_rev5_800_53/profile.json,NIST Special Publication 800-53 Revision 5 HIGH IMPACT BASELINE,cp-2.3,https://oscal-compass.github.io/compliance-trestle/schemas/oscal,,,,,,,,,,
test-component,Testing trestlebot init,service,rule-ia-12.5,Rule for ia-12.5,trestle://profiles/nist_rev5_800_53/profile.json,NIST Special Publication 800-53 Revision 5 HIGH IMPACT BASELINE,ia-12.5,https://oscal-compass.github.io/compliance-trestle/schemas/oscal,,,,,,,,,,
test-component,Testing trestlebot init,service,rule-ac-2.2,Rule for ac-2.2,trestle://profiles/nist_rev5_800_53/profile.json,NIST Special Publication 800-53 Revision 5 HIGH IMPACT BASELINE,ac-2.2,https://oscal-compass.github.io/compliance-trestle/schemas/oscal,,,,,,,,,,
test-component,Testing trestlebot init,service,rule-mp-6.1,Rule for mp-6.1,trestle://profiles/nist_rev5_800_53/profile.json,NIST Special Publication 800-53 Revision 5 HIGH IMPACT BASELINE,mp-6.1,https://oscal-compass.github.io/compliance-trestle/schemas/oscal,,,,,,,,,,
test-component,Testing trestlebot init,service,rule-sa-4.2,Rule for sa-4.2,trestle://profiles/nist_rev5_800_53/profile.json,NIST Special Publication 800-53 Revision 5 HIGH IMPACT BASELINE,sa-4.2,https://oscal-compass.github.io/compliance-trestle/schemas/oscal,,,,,,,,,,
test-component,Testing trestlebot init,service,rule-sc-12.1,Rule for sc-12.1,trestle://profiles/nist_rev5_800_53/profile.json,NIST Special Publication 800-53 Revision 5 HIGH IMPACT BASELINE,sc-12.1,https://oscal-compass.github.io/compliance-trestle/schemas/oscal,,,,,,,,,,
test-component,Testing trestlebot init,service,rule-ac-6.9,Rule for ac-6.9,trestle://profiles/nist_rev5_800_53/profile.json,NIST Special Publication 800-53 Revision 5 HIGH IMPACT BASELINE,ac-6.9,https://oscal-compass.github.io/compliance-trestle/schemas/oscal,,,,,,,,,,
test-component,Testing trestlebot init,service,rule-ac-12,Rule for ac-12,trestle://profiles/nist_rev5_800_53/profile.json,NIST Special Publication 800-53 Revision 5 HIGH IMPACT BASELINE,ac-12,https://oscal-compass.github.io/compliance-trestle/schemas/oscal,,,,,,,,,,
test-component,Testing trestlebot init,service,rule-si-4.14,Rule for si-4.14,trestle://profiles/nist_rev5_800_53/profile.json,NIST Special Publication 800-53 Revision 5 HIGH IMPACT BASELINE,si-4.14,https://oscal-compass.github.io/compliance-trestle/schemas/oscal,,,,,,,,,,
test-component,Testing trestlebot init,service,rule-cm-3,Rule for cm-3,trestle://profiles/nist_rev5_800_53/profile.json,NIST Special Publication 800-53 Revision 5 HIGH IMPACT BASELINE,cm-3,https://oscal-compass.github.io/compliance-trestle/schemas/oscal,,,,,,,,,,
test-component,Testing trestlebot init,service,rule-cp-9,Rule for cp-9,trestle://profiles/nist_rev5_800_53/profile.json,NIST Special Publication 800-53 Revision 5 HIGH IMPACT BASELINE,cp-9,https://oscal-compass.github.io/compliance-trestle/schemas/oscal,,,,,,,,,,
test-component,Testing trestlebot init,service,rule-ir-5.1,Rule for ir-5.1,trestle://profiles/nist_rev5_800_53/profile.json,NIST Special Publication 800-53 Revision 5 HIGH IMPACT BASELINE,ir-5.1,https://oscal-compass.github.io/compliance-trestle/schemas/oscal,,,,,,,,,,
test-component,Testing trestlebot init,service,rule-pl-11,Rule for pl-11,trestle://profiles/nist_rev5_800_53/profile.json,NIST Special Publication 800-53 Revision 5 HIGH IMPACT BASELINE,pl-11,https://oscal-compass.github.io/compliance-trestle/schemas/oscal,,,,,,,,,,
test-component,Testing trestlebot init,service,rule-ia-2.2,Rule for ia-2.2,trestle://profiles/nist_rev5_800_53/profile.json,NIST Special Publication 800-53 Revision 5 HIGH IMPACT BASELINE,ia-2.2,https://oscal-compass.github.io/compliance-trestle/schemas/oscal,,,,,,,,,,
test-component,Testing trestlebot init,service,rule-ma-6,Rule for ma-6,trestle://profiles/nist_rev5_800_53/profile.json,NIST Special Publication 800-53 Revision 5 HIGH IMPACT BASELINE,ma-6,https://oscal-compass.github.io/compliance-trestle/schemas/oscal,,,,,,,,,,
test-component,Testing trestlebot init,service,rule-cm-12,Rule for cm-12,trestle://profiles/nist_rev5_800_53/profile.json,NIST Special Publication 800-53 Revision 5 HIGH IMPACT BASELINE,cm-12,https://oscal-compass.github.io/compliance-trestle/schemas/oscal,,,,,,,,,,
test-component,Testing trestlebot init,service,rule-au-6,Rule for au-6,trestle://profiles/nist_rev5_800_53/profile.json,NIST Special Publication 800-53 Revision 5 HIGH IMPACT BASELINE,au-6,https://oscal-compass.github.io/compliance-trestle/schemas/oscal,,,,,,,,,,
test-component,Testing trestlebot init,service,rule-ir-4,Rule for ir-4,trestle://profiles/nist_rev5_800_53/profile.json,NIST Special Publication 800-53 Revision 5 HIGH IMPACT BASELINE,ir-4,https://oscal-compass.github.io/compliance-trestle/schemas/oscal,,,,,,,,,,
test-component,Testing trestlebot init,service,rule-sc-24,Rule for sc-24,trestle://profiles/nist_rev5_800_53/profile.json,NIST Special Publication 800-53 Revision 5 HIGH IMPACT BASELINE,sc-24,https://oscal-compass.github.io/compliance-trestle/schemas/oscal,,,,,,,,,,
test-component,Testing trestlebot init,service,rule-ra-5,Rule for ra-5,trestle://profiles/nist_rev5_800_53/profile.json,NIST Special Publication 800-53 Revision 5 HIGH IMPACT BASELINE,ra-5,https://oscal-compass.github.io/compliance-trestle/schemas/oscal,,,,,,,,,,
test-component,Testing trestlebot init,service,rule-pl-1,Rule for pl-1,trestle://profiles/nist_rev5_800_53/profile.json,NIST Special Publication 800-53 Revision 5 HIGH IMPACT BASELINE,pl-1,https://oscal-compass.github.io/compliance-trestle/schemas/oscal,,,,,,,,,,
test-component,Testing trestlebot init,service,rule-ra-2,Rule for ra-2,trestle://profiles/nist_rev5_800_53/profile.json,NIST Special Publication 800-53 Revision 5 HIGH IMPACT BASELINE,ra-2,https://oscal-compass.github.io/compliance-trestle/schemas/oscal,,,,,,,,,,
test-component,Testing trestlebot init,service,rule-ra-3,Rule for ra-3,trestle://profiles/nist_rev5_800_53/profile.json,NIST Special Publication 800-53 Revision 5 HIGH IMPACT BASELINE,ra-3,https://oscal-compass.github.io/compliance-trestle/schemas/oscal,,,,,,,,,,
test-component,Testing trestlebot init,service,rule-au-12.3,Rule for au-12.3,trestle://profiles/nist_rev5_800_53/profile.json,NIST Special Publication 800-53 Revision 5 HIGH IMPACT BASELINE,au-12.3,https://oscal-compass.github.io/compliance-trestle/schemas/oscal,,,,,,,,,,
test-component,Testing trestlebot init,service,rule-pl-4,Rule for pl-4,trestle://profiles/nist_rev5_800_53/profile.json,NIST Special Publication 800-53 Revision 5 HIGH IMPACT BASELINE,pl-4,https://oscal-compass.github.io/compliance-trestle/schemas/oscal,,,,,,,,,,
test-component,Testing trestlebot init,service,rule-ac-7,Rule for ac-7,trestle://profiles/nist_rev5_800_53/profile.json,NIST Special Publication 800-53 Revision 5 HIGH IMPACT BASELINE,ac-7,https://oscal-compass.github.io/compliance-trestle/schemas/oscal,,,,,,,,,,
test-component,Testing trestlebot init,service,rule-pe-6.4,Rule for pe-6.4,trestle://profiles/nist_rev5_800_53/profile.json,NIST Special Publication 800-53 Revision 5 HIGH IMPACT BASELINE,pe-6.4,https://oscal-compass.github.io/compliance-trestle/schemas/oscal,,,,,,,,,,
test-component,Testing trestlebot init,service,rule-ac-11.1,Rule for ac-11.1,trestle://profiles/nist_rev5_800_53/profile.json,NIST Special Publication 800-53 Revision 5 HIGH IMPACT BASELINE,ac-11.1,https://oscal-compass.github.io/compliance-trestle/schemas/oscal,,,,,,,,,,
test-component,Testing trestlebot init,service,rule-pe-3.1,Rule for pe-3.1,trestle://profiles/nist_rev5_800_53/profile.json,NIST Special Publication 800-53 Revision 5 HIGH IMPACT BASELINE,pe-3.1,https://oscal-compass.github.io/compliance-trestle/schemas/oscal,,,,,,,,,,
test-component,Testing trestlebot init,service,rule-au-11,Rule for au-11,trestle://profiles/nist_rev5_800_53/profile.json,NIST Special Publication 800-53 Revision 5 HIGH IMPACT BASELINE,au-11,https://oscal-compass.github.io/compliance-trestle/schemas/oscal,,,,,,,,,,
test-component,Testing trestlebot init,service,rule-ir-6.1,Rule for ir-6.1,trestle://profiles/nist_rev5_800_53/profile.json,NIST Special Publication 800-53 Revision 5 HIGH IMPACT BASELINE,ir-6.1,https://oscal-compass.github.io/compliance-trestle/schemas/oscal,,,,,,,,,,
test-component,Testing trestlebot init,service,rule-au-8,Rule for au-8,trestle://profiles/nist_rev5_800_53/profile.json,NIST Special Publication 800-53 Revision 5 HIGH IMPACT BASELINE,au-8,https://oscal-compass.github.io/compliance-trestle/schemas/oscal,,,,,,,,,,
test-component,Testing trestlebot init,service,rule-pe-2,Rule for pe-2,trestle://profiles/nist_rev5_800_53/profile.json,NIST Special Publication 800-53 Revision 5 HIGH IMPACT BASELINE,pe-2,https://oscal-compass.github.io/compliance-trestle/schemas/oscal,,,,,,,,,,
test-component,Testing trestlebot init,service,rule-sc-13,Rule for sc-13,trestle://profiles/nist_rev5_800_53/profile.json,NIST Special Publication 800-53 Revision 5 HIGH IMPACT BASELINE,sc-13,https://oscal-compass.github.io/compliance-trestle/schemas/oscal,,,,,,,,,,
test-component,Testing trestlebot init,service,rule-pe-14,Rule for pe-14,trestle://profiles/nist_rev5_800_53/profile.json,NIST Special Publication 800-53 Revision 5 HIGH IMPACT BASELINE,pe-14,https://oscal-compass.github.io/compliance-trestle/schemas/oscal,,,,,,,,,,
test-component,Testing trestlebot init,service,rule-sc-4,Rule for sc-4,trestle://profiles/nist_rev5_800_53/profile.json,NIST Special Publication 800-53 Revision 5 HIGH IMPACT BASELINE,sc-4,https://oscal-compass.github.io/compliance-trestle/schemas/oscal,,,,,,,,,,
test-component,Testing trestlebot init,service,rule-ia-4,Rule for ia-4,trestle://profiles/nist_rev5_800_53/profile.json,NIST Special Publication 800-53 Revision 5 HIGH IMPACT BASELINE,ia-4,https://oscal-compass.github.io/compliance-trestle/schemas/oscal,,,,,,,,,,
test-component,Testing trestlebot init,service,rule-cm-7.1,Rule for cm-7.1,trestle://profiles/nist_rev5_800_53/profile.json,NIST Special Publication 800-53 Revision 5 HIGH IMPACT BASELINE,cm-7.1,https://oscal-compass.github.io/compliance-trestle/schemas/oscal,,,,,,,,,,
test-component,Testing trestlebot init,service,rule-ps-4.2,Rule for ps-4.2,trestle://profiles/nist_rev5_800_53/profile.json,NIST Special Publication 800-53 Revision 5 HIGH IMPACT BASELINE,ps-4.2,https://oscal-compass.github.io/compliance-trestle/schemas/oscal,,,,,,,,,,
test-component,Testing trestlebot init,service,rule-cm-3.2,Rule for cm-3.2,trestle://profiles/nist_rev5_800_53/profile.json,NIST Special Publication 800-53 Revision 5 HIGH IMPACT BASELINE,cm-3.2,https://oscal-compass.github.io/compliance-trestle/schemas/oscal,,,,,,,,,,
test-component,Testing trestlebot init,service,rule-sa-10,Rule for sa-10,trestle://profiles/nist_rev5_800_53/profile.json,NIST Special Publication 800-53 Revision 5 HIGH IMPACT BASELINE,sa-10,https://oscal-compass.github.io/compliance-trestle/schemas/oscal,,,,,,,,,,
test-component,Testing trestlebot init,service,rule-cp-6.2,Rule for cp-6.2,trestle://profiles/nist_rev5_800_53/profile.json,NIST Special Publication 800-53 Revision 5 HIGH IMPACT BASELINE,cp-6.2,https://oscal-compass.github.io/compliance-trestle/schemas/oscal,,,,,,,,,,
test-component,Testing trestlebot init,service,rule-cm-11,Rule for cm-11,trestle://profiles/nist_rev5_800_53/profile.json,NIST Special Publication 800-53 Revision 5 HIGH IMPACT BASELINE,cm-11,https://oscal-compass.github.io/compliance-trestle/schemas/oscal,,,,,,,,,,
test-component,Testing trestlebot init,service,rule-cp-4.1,Rule for cp-4.1,trestle://profiles/nist_rev5_800_53/profile.json,NIST Special Publication 800-53 Revision 5 HIGH IMPACT BASELINE,cp-4.1,https://oscal-compass.github.io/compliance-trestle/schemas/oscal,,,,,,,,,,
test-component,Testing trestlebot init,service,rule-mp-1,Rule for mp-1,trestle://profiles/nist_rev5_800_53/profile.json,NIST Special Publication 800-53 Revision 5 HIGH IMPACT BASELINE,mp-1,https://oscal-compass.github.io/compliance-trestle/schemas/oscal,,,,,,,,,,
test-component,Testing trestlebot init,service,rule-cm-8,Rule for cm-8,trestle://profiles/nist_rev5_800_53/profile.json,NIST Special Publication 800-53 Revision 5 HIGH IMPACT BASELINE,cm-8,https://oscal-compass.github.io/compliance-trestle/schemas/oscal,,,,,,,,,,
test-component,Testing trestlebot init,service,rule-ia-8,Rule for ia-8,trestle://profiles/nist_rev5_800_53/profile.json,NIST Special Publication 800-53 Revision 5 HIGH IMPACT BASELINE,ia-8,https://oscal-compass.github.io/compliance-trestle/schemas/oscal,,,,,,,,,,
test-component,Testing trestlebot init,service,rule-ca-2.2,Rule for ca-2.2,trestle://profiles/nist_rev5_800_53/profile.json,NIST Special Publication 800-53 Revision 5 HIGH IMPACT BASELINE,ca-2.2,https://oscal-compass.github.io/compliance-trestle/schemas/oscal,,,,,,,,,,
test-component,Testing trestlebot init,service,rule-sc-39,Rule for sc-39,trestle://profiles/nist_rev5_800_53/profile.json,NIST Special Publication 800-53 Revision 5 HIGH IMPACT BASELINE,sc-39,https://oscal-compass.github.io/compliance-trestle/schemas/oscal,,,,,,,,,,
test-component,Testing trestlebot init,service,rule-au-4,Rule for au-4,trestle://profiles/nist_rev5_800_53/profile.json,NIST Special Publication 800-53 Revision 5 HIGH IMPACT BASELINE,au-4,https://oscal-compass.github.io/compliance-trestle/schemas/oscal,,,,,,,,,,
test-component,Testing trestlebot init,service,rule-ac-10,Rule for ac-10,trestle://profiles/nist_rev5_800_53/profile.json,NIST Special Publication 800-53 Revision 5 HIGH IMPACT BASELINE,ac-10,https://oscal-compass.github.io/compliance-trestle/schemas/oscal,,,,,,,,,,
test-component,Testing trestlebot init,service,rule-si-4.2,Rule for si-4.2,trestle://profiles/nist_rev5_800_53/profile.json,NIST Special Publication 800-53 Revision 5 HIGH IMPACT BASELINE,si-4.2,https://oscal-compass.github.io/compliance-trestle/schemas/oscal,,,,,,,,,,
test-component,Testing trestlebot init,service,rule-ca-7.4,Rule for ca-7.4,trestle://profiles/nist_rev5_800_53/profile.json,NIST Special Publication 800-53 Revision 5 HIGH IMPACT BASELINE,ca-7.4,https://oscal-compass.github.io/compliance-trestle/schemas/oscal,,,,,,,,,,
test-component,Testing trestlebot init,service,rule-sa-16,Rule for sa-16,trestle://profiles/nist_rev5_800_53/profile.json,NIST Special Publication 800-53 Revision 5 HIGH IMPACT BASELINE,sa-16,https://oscal-compass.github.io/compliance-trestle/schemas/oscal,,,,,,,,,,
test-component,Testing trestlebot init,service,rule-sr-1,Rule for sr-1,trestle://profiles/nist_rev5_800_53/profile.json,NIST Special Publication 800-53 Revision 5 HIGH IMPACT BASELINE,sr-1,https://oscal-compass.github.io/compliance-trestle/schemas/oscal,,,,,,,,,,
test-component,Testing trestlebot init,service,rule-cp-6,Rule for cp-6,trestle://profiles/nist_rev5_800_53/profile.json,NIST Special Publication 800-53 Revision 5 HIGH IMPACT BASELINE,cp-6,https://oscal-compass.github.io/compliance-trestle/schemas/oscal,,,,,,,,,,
test-component,Testing trestlebot init,service,rule-ac-2.11,Rule for ac-2.11,trestle://profiles/nist_rev5_800_53/profile.json,NIST Special Publication 800-53 Revision 5 HIGH IMPACT BASELINE,ac-2.11,https://oscal-compass.github.io/compliance-trestle/schemas/oscal,,,,,,,,,,
test-component,Testing trestlebot init,service,rule-sa-11,Rule for sa-11,trestle://profiles/nist_rev5_800_53/profile.json,NIST Special Publication 800-53 Revision 5 HIGH IMPACT BASELINE,sa-11,https://oscal-compass.github.io/compliance-trestle/schemas/oscal,,,,,,,,,,
test-component,Testing trestlebot init,service,rule-ac-21,Rule for ac-21,trestle://profiles/nist_rev5_800_53/profile.json,NIST Special Publication 800-53 Revision 5 HIGH IMPACT BASELINE,ac-21,https://oscal-compass.github.io/compliance-trestle/schemas/oscal,,,,,,,,,,
test-component,Testing trestlebot init,service,rule-sc-17,Rule for sc-17,trestle://profiles/nist_rev5_800_53/profile.json,NIST Special Publication 800-53 Revision 5 HIGH IMPACT BASELINE,sc-17,https://oscal-compass.github.io/compliance-trestle/schemas/oscal,,,,,,,,,,
test-component,Testing trestlebot init,service,rule-si-7.1,Rule for si-7.1,trestle://profiles/nist_rev5_800_53/profile.json,NIST Special Publication 800-53 Revision 5 HIGH IMPACT BASELINE,si-7.1,https://oscal-compass.github.io/compliance-trestle/schemas/oscal,,,,,,,,,,
test-component,Testing trestlebot init,service,rule-pe-15.1,Rule for pe-15.1,trestle://profiles/nist_rev5_800_53/profile.json,NIST Special Publication 800-53 Revision 5 HIGH IMPACT BASELINE,pe-15.1,https://oscal-compass.github.io/compliance-trestle/schemas/oscal,,,,,,,,,,
test-component,Testing trestlebot init,service,rule-sc-28.1,Rule for sc-28.1,trestle://profiles/nist_rev5_800_53/profile.json,NIST Special Publication 800-53 Revision 5 HIGH IMPACT BASELINE,sc-28.1,https://oscal-compass.github.io/compliance-trestle/schemas/oscal,,,,,,,,,,
test-component,Testing trestlebot init,service,rule-ac-2,Rule for ac-2,trestle://profiles/nist_rev5_800_53/profile.json,NIST Special Publication 800-53 Revision 5 HIGH IMPACT BASELINE,ac-2,https://oscal-compass.github.io/compliance-trestle/schemas/oscal,,,,,,,,,,
test-component,Testing trestlebot init,service,rule-au-12,Rule for au-12,trestle://profiles/nist_rev5_800_53/profile.json,NIST Special Publication 800-53 Revision 5 HIGH IMPACT BASELINE,au-12,https://oscal-compass.github.io/compliance-trestle/schemas/oscal,,,,,,,,,,
test-component,Testing trestlebot init,service,rule-ir-4.4,Rule for ir-4.4,trestle://profiles/nist_rev5_800_53/profile.json,NIST Special Publication 800-53 Revision 5 HIGH IMPACT BASELINE,ir-4.4,https://oscal-compass.github.io/compliance-trestle/schemas/oscal,,,,,,,,,,
test-component,Testing trestlebot init,service,rule-cp-9.2,Rule for cp-9.2,trestle://profiles/nist_rev5_800_53/profile.json,NIST Special Publication 800-53 Revision 5 HIGH IMPACT BASELINE,cp-9.2,https://oscal-compass.github.io/compliance-trestle/schemas/oscal,,,,,,,,,,
test-component,Testing trestlebot init,service,rule-si-5,Rule for si-5,trestle://profiles/nist_rev5_800_53/profile.json,NIST Special Publication 800-53 Revision 5 HIGH IMPACT BASELINE,si-5,https://oscal-compass.github.io/compliance-trestle/schemas/oscal,,,,,,,,,,
test-component,Testing trestlebot init,service,rule-ca-1,Rule for ca-1,trestle://profiles/nist_rev5_800_53/profile.json,NIST Special Publication 800-53 Revision 5 HIGH IMPACT BASELINE,ca-1,https://oscal-compass.github.io/compliance-trestle/schemas/oscal,,,,,,,,,,
test-component,Testing trestlebot init,service,rule-au-7,Rule for au-7,trestle://profiles/nist_rev5_800_53/profile.json,NIST Special Publication 800-53 Revision 5 HIGH IMPACT BASELINE,au-7,https://oscal-compass.github.io/compliance-trestle/schemas/oscal,,,,,,,,,,
test-component,Testing trestlebot init,service,rule-ma-3.2,Rule for ma-3.2,trestle://profiles/nist_rev5_800_53/profile.json,NIST Special Publication 800-53 Revision 5 HIGH IMPACT BASELINE,ma-3.2,https://oscal-compass.github.io/compliance-trestle/schemas/oscal,,,,,,,,,,
test-component,Testing trestlebot init,service,rule-ir-4.1,Rule for ir-4.1,trestle://profiles/nist_rev5_800_53/profile.json,NIST Special Publication 800-53 Revision 5 HIGH IMPACT BASELINE,ir-4.1,https://oscal-compass.github.io/compliance-trestle/schemas/oscal,,,,,,,,,,
test-component,Testing trestlebot init,service,rule-si-11,Rule for si-11,trestle://profiles/nist_rev5_800_53/profile.json,NIST Special Publication 800-53 Revision 5 HIGH IMPACT BASELINE,si-11,https://oscal-compass.github.io/compliance-trestle/schemas/oscal,,,,,,,,,,
test-component,Testing trestlebot init,service,rule-cm-6.1,Rule for cm-6.1,trestle://profiles/nist_rev5_800_53/profile.json,NIST Special Publication 800-53 Revision 5 HIGH IMPACT BASELINE,cm-6.1,https://oscal-compass.github.io/compliance-trestle/schemas/oscal,,,,,,,,,,
test-component,Testing trestlebot init,service,rule-cp-2,Rule for cp-2,trestle://profiles/nist_rev5_800_53/profile.json,NIST Special Publication 800-53 Revision 5 HIGH IMPACT BASELINE,cp-2,https://oscal-compass.github.io/compliance-trestle/schemas/oscal,,,,,,,,,,
test-component,Testing trestlebot init,service,rule-sc-7.3,Rule for sc-7.3,trestle://profiles/nist_rev5_800_53/profile.json,NIST Special Publication 800-53 Revision 5 HIGH IMPACT BASELINE,sc-7.3,https://oscal-compass.github.io/compliance-trestle/schemas/oscal,,,,,,,,,,
test-component,Testing trestlebot init,service,rule-sc-22,Rule for sc-22,trestle://profiles/nist_rev5_800_53/profile.json,NIST Special Publication 800-53 Revision 5 HIGH IMPACT BASELINE,sc-22,https://oscal-compass.github.io/compliance-trestle/schemas/oscal,,,,,,,,,,
test-component,Testing trestlebot init,service,rule-ac-6,Rule for ac-6,trestle://profiles/nist_rev5_800_53/profile.json,NIST Special Publication 800-53 Revision 5 HIGH IMPACT BASELINE,ac-6,https://oscal-compass.github.io/compliance-trestle/schemas/oscal,,,,,,,,,,
test-component,Testing trestlebot init,service,rule-at-3,Rule for at-3,trestle://profiles/nist_rev5_800_53/profile.json,NIST Special Publication 800-53 Revision 5 HIGH IMPACT BASELINE,at-3,https://oscal-compass.github.io/compliance-trestle/schemas/oscal,,,,,,,,,,
test-component,Testing trestlebot init,service,rule-ac-8,Rule for ac-8,trestle://profiles/nist_rev5_800_53/profile.json,NIST Special Publication 800-53 Revision 5 HIGH IMPACT BASELINE,ac-8,https://oscal-compass.github.io/compliance-trestle/schemas/oscal,,,,,,,,,,
test-component,Testing trestlebot init,service,rule-si-4.12,Rule for si-4.12,trestle://profiles/nist_rev5_800_53/profile.json,NIST Special Publication 800-53 Revision 5 HIGH IMPACT BASELINE,si-4.12,https://oscal-compass.github.io/compliance-trestle/schemas/oscal,,,,,,,,,,
test-component,Testing trestlebot init,service,rule-sc-7.4,Rule for sc-7.4,trestle://profiles/nist_rev5_800_53/profile.json,NIST Special Publication 800-53 Revision 5 HIGH IMPACT BASELINE,sc-7.4,https://oscal-compass.github.io/compliance-trestle/schemas/oscal,,,,,,,,,,
test-component,Testing trestlebot init,service,rule-sa-22,Rule for sa-22,trestle://profiles/nist_rev5_800_53/profile.json,NIST Special Publication 800-53 Revision 5 HIGH IMPACT BASELINE,sa-22,https://oscal-compass.github.io/compliance-trestle/schemas/oscal,,,,,,,,,,
test-component,Testing trestlebot init,service,rule-si-7,Rule for si-7,trestle://profiles/nist_rev5_800_53/profile.json,NIST Special Publication 800-53 Revision 5 HIGH IMPACT BASELINE,si-7,https://oscal-compass.github.io/compliance-trestle/schemas/oscal,,,,,,,,,,
test-component,Testing trestlebot init,service,rule-ps-3,Rule for ps-3,trestle://profiles/nist_rev5_800_53/profile.json,NIST Special Publication 800-53 Revision 5 HIGH IMPACT BASELINE,ps-3,https://oscal-compass.github.io/compliance-trestle/schemas/oscal,,,,,,,,,,
test-component,Testing trestlebot init,service,rule-ac-18.4,Rule for ac-18.4,trestle://profiles/nist_rev5_800_53/profile.json,NIST Special Publication 800-53 Revision 5 HIGH IMPACT BASELINE,ac-18.4,https://oscal-compass.github.io/compliance-trestle/schemas/oscal,,,,,,,,,,
test-component,Testing trestlebot init,service,rule-sr-9,Rule for sr-9,trestle://profiles/nist_rev5_800_53/profile.json,NIST Special Publication 800-53 Revision 5 HIGH IMPACT BASELINE,sr-9,https://oscal-compass.github.io/compliance-trestle/schemas/oscal,,,,,,,,,,
test-component,Testing trestlebot init,service,rule-sr-5,Rule for sr-5,trestle://profiles/nist_rev5_800_53/profile.json,NIST Special Publication 800-53 Revision 5 HIGH IMPACT BASELINE,sr-5,https://oscal-compass.github.io/compliance-trestle/schemas/oscal,,,,,,,,,,
test-component,Testing trestlebot init,service,rule-pe-4,Rule for pe-4,trestle://profiles/nist_rev5_800_53/profile.json,NIST Special Publication 800-53 Revision 5 HIGH IMPACT BASELINE,pe-4,https://oscal-compass.github.io/compliance-trestle/schemas/oscal,,,,,,,,,,
test-component,Testing trestlebot init,service,rule-ac-2.12,Rule for ac-2.12,trestle://profiles/nist_rev5_800_53/profile.json,NIST Special Publication 800-53 Revision 5 HIGH IMPACT BASELINE,ac-2.12,https://oscal-compass.github.io/compliance-trestle/schemas/oscal,,,,,,,,,,
test-component,Testing trestlebot init,service,rule-au-7.1,Rule for au-7.1,trestle://profiles/nist_rev5_800_53/profile.json,NIST Special Publication 800-53 Revision 5 HIGH IMPACT BASELINE,au-7.1,https://oscal-compass.github.io/compliance-trestle/schemas/oscal,,,,,,,,,,
test-component,Testing trestlebot init,service,rule-ac-11,Rule for ac-11,trestle://profiles/nist_rev5_800_53/profile.json,NIST Special Publication 800-53 Revision 5 HIGH IMPACT BASELINE,ac-11,https://oscal-compass.github.io/compliance-trestle/schemas/oscal,,,,,,,,,,
test-component,Testing trestlebot init,service,rule-cm-3.6,Rule for cm-3.6,trestle://profiles/nist_rev5_800_53/profile.json,NIST Special Publication 800-53 Revision 5 HIGH IMPACT BASELINE,cm-3.6,https://oscal-compass.github.io/compliance-trestle/schemas/oscal,,,,,,,,,,
test-component,Testing trestlebot init,service,rule-pe-15,Rule for pe-15,trestle://profiles/nist_rev5_800_53/profile.json,NIST Special Publication 800-53 Revision 5 HIGH IMPACT BASELINE,pe-15,https://oscal-compass.github.io/compliance-trestle/schemas/oscal,,,,,,,,,,
test-component,Testing trestlebot init,service,rule-sa-15,Rule for sa-15,trestle://profiles/nist_rev5_800_53/profile.json,NIST Special Publication 800-53 Revision 5 HIGH IMPACT BASELINE,sa-15,https://oscal-compass.github.io/compliance-trestle/schemas/oscal,,,,,,,,,,
test-component,Testing trestlebot init,service,rule-sa-4.5,Rule for sa-4.5,trestle://profiles/nist_rev5_800_53/profile.json,NIST Special Publication 800-53 Revision 5 HIGH IMPACT BASELINE,sa-4.5,https://oscal-compass.github.io/compliance-trestle/schemas/oscal,,,,,,,,,,
test-component,Testing trestlebot init,service,rule-sa-4.10,Rule for sa-4.10,trestle://profiles/nist_rev5_800_53/profile.json,NIST Special Publication 800-53 Revision 5 HIGH IMPACT BASELINE,sa-4.10,https://oscal-compass.github.io/compliance-trestle/schemas/oscal,,,,,,,,,,
test-component,Testing trestlebot init,service,rule-si-8.2,Rule for si-8.2,trestle://profiles/nist_rev5_800_53/profile.json,NIST Special Publication 800-53 Revision 5 HIGH IMPACT BASELINE,si-8.2,https://oscal-compass.github.io/compliance-trestle/schemas/oscal,,,,,,,,,,
test-component,Testing trestlebot init,service,rule-cp-8.3,Rule for cp-8.3,trestle://profiles/nist_rev5_800_53/profile.json,NIST Special Publication 800-53 Revision 5 HIGH IMPACT BASELINE,cp-8.3,https://oscal-compass.github.io/compliance-trestle/schemas/oscal,,,,,,,,,,
test-component,Testing trestlebot init,service,rule-si-4.10,Rule for si-4.10,trestle://profiles/nist_rev5_800_53/profile.json,NIST Special Publication 800-53 Revision 5 HIGH IMPACT BASELINE,si-4.10,https://oscal-compass.github.io/compliance-trestle/schemas/oscal,,,,,,,,,,
test-component,Testing trestlebot init,service,rule-ac-2.5,Rule for ac-2.5,trestle://profiles/nist_rev5_800_53/profile.json,NIST Special Publication 800-53 Revision 5 HIGH IMPACT BASELINE,ac-2.5,https://oscal-compass.github.io/compliance-trestle/schemas/oscal,,,,,,,,,,
test-component,Testing trestlebot init,service,rule-pe-12,Rule for pe-12,trestle://profiles/nist_rev5_800_53/profile.json,NIST Special Publication 800-53 Revision 5 HIGH IMPACT BASELINE,pe-12,https://oscal-compass.github.io/compliance-trestle/schemas/oscal,,,,,,,,,,
test-component,Testing trestlebot init,service,rule-au-6.6,Rule for au-6.6,trestle://profiles/nist_rev5_800_53/profile.json,NIST Special Publication 800-53 Revision 5 HIGH IMPACT BASELINE,au-6.6,https://oscal-compass.github.io/compliance-trestle/schemas/oscal,,,,,,,,,,
test-component,Testing trestlebot init,service,rule-cp-2.1,Rule for cp-2.1,trestle://profiles/nist_rev5_800_53/profile.json,NIST Special Publication 800-53 Revision 5 HIGH IMPACT BASELINE,cp-2.1,https://oscal-compass.github.io/compliance-trestle/schemas/oscal,,,,,,,,,,
test-component,Testing trestlebot init,service,rule-ac-17.3,Rule for ac-17.3,trestle://profiles/nist_rev5_800_53/profile.json,NIST Special Publication 800-53 Revision 5 HIGH IMPACT BASELINE,ac-17.3,https://oscal-compass.github.io/compliance-trestle/schemas/oscal,,,,,,,,,,
test-component,Testing trestlebot init,service,rule-pe-17,Rule for pe-17,trestle://profiles/nist_rev5_800_53/profile.json,NIST Special Publication 800-53 Revision 5 HIGH IMPACT BASELINE,pe-17,https://oscal-compass.github.io/compliance-trestle/schemas/oscal,,,,,,,,,,
test-component,Testing trestlebot init,service,rule-ac-18.3,Rule for ac-18.3,trestle://profiles/nist_rev5_800_53/profile.json,NIST Special Publication 800-53 Revision 5 HIGH IMPACT BASELINE,ac-18.3,https://oscal-compass.github.io/compliance-trestle/schemas/oscal,,,,,,,,,,
test-component,Testing trestlebot init,service,rule-cp-7.1,Rule for cp-7.1,trestle://profiles/nist_rev5_800_53/profile.json,NIST Special Publication 800-53 Revision 5 HIGH IMPACT BASELINE,cp-7.1,https://oscal-compass.github.io/compliance-trestle/schemas/oscal,,,,,,,,,,
test-component,Testing trestlebot init,service,rule-cp-8.1,Rule for cp-8.1,trestle://profiles/nist_rev5_800_53/profile.json,NIST Special Publication 800-53 Revision 5 HIGH IMPACT BASELINE,cp-8.1,https://oscal-compass.github.io/compliance-trestle/schemas/oscal,,,,,,,,,,
test-component,Testing trestlebot init,service,rule-ia-5.1,Rule for ia-5.1,trestle://profiles/nist_rev5_800_53/profile.json,NIST Special Publication 800-53 Revision 5 HIGH IMPACT BASELINE,ia-5.1,https://oscal-compass.github.io/compliance-trestle/schemas/oscal,,,,,,,,,,
test-component,Testing trestlebot init,service,rule-si-6,Rule for si-6,trestle://profiles/nist_rev5_800_53/profile.json,NIST Special Publication 800-53 Revision 5 HIGH IMPACT BASELINE,si-6,https://oscal-compass.github.io/compliance-trestle/schemas/oscal,,,,,,,,,,
test-component,Testing trestlebot init,service,rule-au-5,Rule for au-5,trestle://profiles/nist_rev5_800_53/profile.json,NIST Special Publication 800-53 Revision 5 HIGH IMPACT BASELINE,au-5,https://oscal-compass.github.io/compliance-trestle/schemas/oscal,,,,,,,,,,
test-component,Testing trestlebot init,service,rule-cm-7.5,Rule for cm-7.5,trestle://profiles/nist_rev5_800_53/profile.json,NIST Special Publication 800-53 Revision 5 HIGH IMPACT BASELINE,cm-7.5,https://oscal-compass.github.io/compliance-trestle/schemas/oscal,,,,,,,,,,
test-component,Testing trestlebot init,service,rule-cp-6.1,Rule for cp-6.1,trestle://profiles/nist_rev5_800_53/profile.json,NIST Special Publication 800-53 Revision 5 HIGH IMPACT BASELINE,cp-6.1,https://oscal-compass.github.io/compliance-trestle/schemas/oscal,,,,,,,,,,
test-component,Testing trestlebot init,service,rule-ca-7.1,Rule for ca-7.1,trestle://profiles/nist_rev5_800_53/profile.json,NIST Special Publication 800-53 Revision 5 HIGH IMPACT BASELINE,ca-7.1,https://oscal-compass.github.io/compliance-trestle/schemas/oscal,,,,,,,,,,
test-component,Testing trestlebot init,service,rule-sr-11.2,Rule for sr-11.2,trestle://profiles/nist_rev5_800_53/profile.json,NIST Special Publication 800-53 Revision 5 HIGH IMPACT BASELINE,sr-11.2,https://oscal-compass.github.io/compliance-trestle/schemas/oscal,,,,,,,,,,
test-component,Testing trestlebot init,service,rule-cm-8.1,Rule for cm-8.1,trestle://profiles/nist_rev5_800_53/profile.json,NIST Special Publication 800-53 Revision 5 HIGH IMPACT BASELINE,cm-8.1,https://oscal-compass.github.io/compliance-trestle/schemas/oscal,,,,,,,,,,
test-component,Testing trestlebot init,service,rule-pe-3,Rule for pe-3,trestle://profiles/nist_rev5_800_53/profile.json,NIST Special Publication 800-53 Revision 5 HIGH IMPACT BASELINE,pe-3,https://oscal-compass.github.io/compliance-trestle/schemas/oscal,,,,,,,,,,
test-component,Testing trestlebot init,service,rule-ac-20.1,Rule for ac-20.1,trestle://profiles/nist_rev5_800_53/profile.json,NIST Special Publication 800-53 Revision 5 HIGH IMPACT BASELINE,ac-20.1,https://oscal-compass.github.io/compliance-trestle/schemas/oscal,,,,,,,,,,
test-component,Testing trestlebot init,service,rule-cm-3.1,Rule for cm-3.1,trestle://profiles/nist_rev5_800_53/profile.json,NIST Special Publication 800-53 Revision 5 HIGH IMPACT BASELINE,cm-3.1,https://oscal-compass.github.io/compliance-trestle/schemas/oscal,,,,,,,,,,
test-component,Testing trestlebot init,service,rule-ca-3.6,Rule for ca-3.6,trestle://profiles/nist_rev5_800_53/profile.json,NIST Special Publication 800-53 Revision 5 HIGH IMPACT BASELINE,ca-3.6,https://oscal-compass.github.io/compliance-trestle/schemas/oscal,,,,,,,,,,
test-component,Testing trestlebot init,service,rule-ac-4.4,Rule for ac-4.4,trestle://profiles/nist_rev5_800_53/profile.json,NIST Special Publication 800-53 Revision 5 HIGH IMPACT BASELINE,ac-4.4,https://oscal-compass.github.io/compliance-trestle/schemas/oscal,,,,,,,,,,
test-component,Testing trestlebot init,service,rule-ia-2.12,Rule for ia-2.12,trestle://profiles/nist_rev5_800_53/profile.json,NIST Special Publication 800-53 Revision 5 HIGH IMPACT BASELINE,ia-2.12,https://oscal-compass.github.io/compliance-trestle/schemas/oscal,,,,,,,,,,
test-component,Testing trestlebot init,service,rule-ir-3.2,Rule for ir-3.2,trestle://profiles/nist_rev5_800_53/profile.json,NIST Special Publication 800-53 Revision 5 HIGH IMPACT BASELINE,ir-3.2,https://oscal-compass.github.io/compliance-trestle/schemas/oscal,,,,,,,,,,
test-component,Testing trestlebot init,service,rule-cp-9.1,Rule for cp-9.1,trestle://profiles/nist_rev5_800_53/profile.json,NIST Special Publication 800-53 Revision 5 HIGH IMPACT BASELINE,cp-9.1,https://oscal-compass.github.io/compliance-trestle/schemas/oscal,,,,,,,,,,
test-component,Testing trestlebot init,service,rule-ir-5,Rule for ir-5,trestle://profiles/nist_rev5_800_53/profile.json,NIST Special Publication 800-53 Revision 5 HIGH IMPACT BASELINE,ir-5,https://oscal-compass.github.io/compliance-trestle/schemas/oscal,,,,,,,,,,
test-component,Testing trestlebot init,service,rule-mp-4,Rule for mp-4,trestle://profiles/nist_rev5_800_53/profile.json,NIST Special Publication 800-53 Revision 5 HIGH IMPACT BASELINE,mp-4,https://oscal-compass.github.io/compliance-trestle/schemas/oscal,,,,,,,,,,
test-component,Testing trestlebot init,service,rule-ac-17.2,Rule for ac-17.2,trestle://profiles/nist_rev5_800_53/profile.json,NIST Special Publication 800-53 Revision 5 HIGH IMPACT BASELINE,ac-17.2,https://oscal-compass.github.io/compliance-trestle/schemas/oscal,,,,,,,,,,
test-component,Testing trestlebot init,service,rule-ia-12.4,Rule for ia-12.4,trestle://profiles/nist_rev5_800_53/profile.json,NIST Special Publication 800-53 Revision 5 HIGH IMPACT BASELINE,ia-12.4,https://oscal-compass.github.io/compliance-trestle/schemas/oscal,,,,,,,,,,
test-component,Testing trestlebot init,service,rule-si-3,Rule for si-3,trestle://profiles/nist_rev5_800_53/profile.json,NIST Special Publication 800-53 Revision 5 HIGH IMPACT BASELINE,si-3,https://oscal-compass.github.io/compliance-trestle/schemas/oscal,,,,,,,,,,
test-component,Testing trestlebot init,service,rule-pl-10,Rule for pl-10,trestle://profiles/nist_rev5_800_53/profile.json,NIST Special Publication 800-53 Revision 5 HIGH IMPACT BASELINE,pl-10,https://oscal-compass.github.io/compliance-trestle/schemas/oscal,,,,,,,,,,
test-component,Testing trestlebot init,service,rule-ps-7,Rule for ps-7,trestle://profiles/nist_rev5_800_53/profile.json,NIST Special Publication 800-53 Revision 5 HIGH IMPACT BASELINE,ps-7,https://oscal-compass.github.io/compliance-trestle/schemas/oscal,,,,,,,,,,
test-component,Testing trestlebot init,service,rule-cm-12.1,Rule for cm-12.1,trestle://profiles/nist_rev5_800_53/profile.json,NIST Special Publication 800-53 Revision 5 HIGH IMPACT BASELINE,cm-12.1,https://oscal-compass.github.io/compliance-trestle/schemas/oscal,,,,,,,,,,
test-component,Testing trestlebot init,service,rule-cp-2.8,Rule for cp-2.8,trestle://profiles/nist_rev5_800_53/profile.json,NIST Special Publication 800-53 Revision 5 HIGH IMPACT BASELINE,cp-2.8,https://oscal-compass.github.io/compliance-trestle/schemas/oscal,,,,,,,,,,
test-component,Testing trestlebot init,service,rule-cm-6,Rule for cm-6,trestle://profiles/nist_rev5_800_53/profile.json,NIST Special Publication 800-53 Revision 5 HIGH IMPACT BASELINE,cm-6,https://oscal-compass.github.io/compliance-trestle/schemas/oscal,,,,,,,,,,
test-component,Testing trestlebot init,service,rule-sc-18,Rule for sc-18,trestle://profiles/nist_rev5_800_53/profile.json,NIST Special Publication 800-53 Revision 5 HIGH IMPACT BASELINE,sc-18,https://oscal-compass.github.io/compliance-trestle/schemas/oscal,,,,,,,,,,
test-component,Testing trestlebot init,service,rule-au-6.1,Rule for au-6.1,trestle://profiles/nist_rev5_800_53/profile.json,NIST Special Publication 800-53 Revision 5 HIGH IMPACT BASELINE,au-6.1,https://oscal-compass.github.io/compliance-trestle/schemas/oscal,,,,,,,,,,
test-component,Testing trestlebot init,service,rule-ia-12,Rule for ia-12,trestle://profiles/nist_rev5_800_53/profile.json,NIST Special Publication 800-53 Revision 5 HIGH IMPACT BASELINE,ia-12,https://oscal-compass.github.io/compliance-trestle/schemas/oscal,,,,,,,,,,
test-component,Testing trestlebot init,service,rule-si-2,Rule for si-2,trestle://profiles/nist_rev5_800_53/profile.json,NIST Special Publication 800-53 Revision 5 HIGH IMPACT BASELINE,si-2,https://oscal-compass.github.io/compliance-trestle/schemas/oscal,,,,,,,,,,
test-component,Testing trestlebot init,service,rule-ra-9,Rule for ra-9,trestle://profiles/nist_rev5_800_53/profile.json,NIST Special Publication 800-53 Revision 5 HIGH IMPACT BASELINE,ra-9,https://oscal-compass.github.io/compliance-trestle/schemas/oscal,,,,,,,,,,
test-component,Testing trestlebot init,service,rule-sc-12,Rule for sc-12,trestle://profiles/nist_rev5_800_53/profile.json,NIST Special Publication 800-53 Revision 5 HIGH IMPACT BASELINE,sc-12,https://oscal-compass.github.io/compliance-trestle/schemas/oscal,,,,,,,,,,
test-component,Testing trestlebot init,service,rule-pe-11,Rule for pe-11,trestle://profiles/nist_rev5_800_53/profile.json,NIST Special Publication 800-53 Revision 5 HIGH IMPACT BASELINE,pe-11,https://oscal-compass.github.io/compliance-trestle/schemas/oscal,,,,,,,,,,
test-component,Testing trestlebot init,service,rule-ac-17,Rule for ac-17,trestle://profiles/nist_rev5_800_53/profile.json,NIST Special Publication 800-53 Revision 5 HIGH IMPACT BASELINE,ac-17,https://oscal-compass.github.io/compliance-trestle/schemas/oscal,,,,,,,,,,
test-component,Testing trestlebot init,service,rule-sr-9.1,Rule for sr-9.1,trestle://profiles/nist_rev5_800_53/profile.json,NIST Special Publication 800-53 Revision 5 HIGH IMPACT BASELINE,sr-9.1,https://oscal-compass.github.io/compliance-trestle/schemas/oscal,,,,,,,,,,
test-component,Testing trestlebot init,service,rule-ac-14,Rule for ac-14,trestle://profiles/nist_rev5_800_53/profile.json,NIST Special Publication 800-53 Revision 5 HIGH IMPACT BASELINE,ac-14,https://oscal-compass.github.io/compliance-trestle/schemas/oscal,,,,,,,,,,
test-component,Testing trestlebot init,service,rule-sa-9,Rule for sa-9,trestle://profiles/nist_rev5_800_53/profile.json,NIST Special Publication 800-53 Revision 5 HIGH IMPACT BASELINE,sa-9,https://oscal-compass.github.io/compliance-trestle/schemas/oscal,,,,,,,,,,
test-component,Testing trestlebot init,service,rule-ia-3,Rule for ia-3,trestle://profiles/nist_rev5_800_53/profile.json,NIST Special Publication 800-53 Revision 5 HIGH IMPACT BASELINE,ia-3,https://oscal-compass.github.io/compliance-trestle/schemas/oscal,,,,,,,,,,
test-component,Testing trestlebot init,service,rule-si-2.2,Rule for si-2.2,trestle://profiles/nist_rev5_800_53/profile.json,NIST Special Publication 800-53 Revision 5 HIGH IMPACT BASELINE,si-2.2,https://oscal-compass.github.io/compliance-trestle/schemas/oscal,,,,,,,,,,
test-component,Testing trestlebot init,service,rule-at-4,Rule for at-4,trestle://profiles/nist_rev5_800_53/profile.json,NIST Special Publication 800-53 Revision 5 HIGH IMPACT BASELINE,at-4,https://oscal-compass.github.io/compliance-trestle/schemas/oscal,,,,,,,,,,
test-component,Testing trestlebot init,service,rule-cp-7.2,Rule for cp-7.2,trestle://profiles/nist_rev5_800_53/profile.json,NIST Special Publication 800-53 Revision 5 HIGH IMPACT BASELINE,cp-7.2,https://oscal-compass.github.io/compliance-trestle/schemas/oscal,,,,,,,,,,
test-component,Testing trestlebot init,service,rule-ra-1,Rule for ra-1,trestle://profiles/nist_rev5_800_53/profile.json,NIST Special Publication 800-53 Revision 5 HIGH IMPACT BASELINE,ra-1,https://oscal-compass.github.io/compliance-trestle/schemas/oscal,,,,,,,,,,
test-component,Testing trestlebot init,service,rule-sr-11,Rule for sr-11,trestle://profiles/nist_rev5_800_53/profile.json,NIST Special Publication 800-53 Revision 5 HIGH IMPACT BASELINE,sr-11,https://oscal-compass.github.io/compliance-trestle/schemas/oscal,,,,,,,,,,
test-component,Testing trestlebot init,service,rule-ir-2,Rule for ir-2,trestle://profiles/nist_rev5_800_53/profile.json,NIST Special Publication 800-53 Revision 5 HIGH IMPACT BASELINE,ir-2,https://oscal-compass.github.io/compliance-trestle/schemas/oscal,,,,,,,,,,
test-component,Testing trestlebot init,service,rule-ca-5,Rule for ca-5,trestle://profiles/nist_rev5_800_53/profile.json,NIST Special Publication 800-53 Revision 5 HIGH IMPACT BASELINE,ca-5,https://oscal-compass.github.io/compliance-trestle/schemas/oscal,,,,,,,,,,
test-component,Testing trestlebot init,service,rule-cm-4.2,Rule for cm-4.2,trestle://profiles/nist_rev5_800_53/profile.json,NIST Special Publication 800-53 Revision 5 HIGH IMPACT BASELINE,cm-4.2,https://oscal-compass.github.io/compliance-trestle/schemas/oscal,,,,,,,,,,
test-component,Testing trestlebot init,service,rule-ca-9,Rule for ca-9,trestle://profiles/nist_rev5_800_53/profile.json,NIST Special Publication 800-53 Revision 5 HIGH IMPACT BASELINE,ca-9,https://oscal-compass.github.io/compliance-trestle/schemas/oscal,,,,,,,,,,
test-component,Testing trestlebot init,service,rule-mp-3,Rule for mp-3,trestle://profiles/nist_rev5_800_53/profile.json,NIST Special Publication 800-53 Revision 5 HIGH IMPACT BASELINE,mp-3,https://oscal-compass.github.io/compliance-trestle/schemas/oscal,,,,,,,,,,
test-component,Testing trestlebot init,service,rule-ir-2.1,Rule for ir-2.1,trestle://profiles/nist_rev5_800_53/profile.json,NIST Special Publication 800-53 Revision 5 HIGH IMPACT BASELINE,ir-2.1,https://oscal-compass.github.io/compliance-trestle/schemas/oscal,,,,,,,,,,
test-component,Testing trestlebot init,service,rule-cp-2.5,Rule for cp-2.5,trestle://profiles/nist_rev5_800_53/profile.json,NIST Special Publication 800-53 Revision 5 HIGH IMPACT BASELINE,cp-2.5,https://oscal-compass.github.io/compliance-trestle/schemas/oscal,,,,,,,,,,
test-component,Testing trestlebot init,service,rule-ps-4,Rule for ps-4,trestle://profiles/nist_rev5_800_53/profile.json,NIST Special Publication 800-53 Revision 5 HIGH IMPACT BASELINE,ps-4,https://oscal-compass.github.io/compliance-trestle/schemas/oscal,,,,,,,,,,
test-component,Testing trestlebot init,service,rule-cp-10,Rule for cp-10,trestle://profiles/nist_rev5_800_53/profile.json,NIST Special Publication 800-53 Revision 5 HIGH IMPACT BASELINE,cp-10,https://oscal-compass.github.io/compliance-trestle/schemas/oscal,,,,,,,,,,
test-component,Testing trestlebot init,service,rule-si-10,Rule for si-10,trestle://profiles/nist_rev5_800_53/profile.json,NIST Special Publication 800-53 Revision 5 HIGH IMPACT BASELINE,si-10,https://oscal-compass.github.io/compliance-trestle/schemas/oscal,,,,,,,,,,
test-component,Testing trestlebot init,service,rule-ia-1,Rule for ia-1,trestle://profiles/nist_rev5_800_53/profile.json,NIST Special Publication 800-53 Revision 5 HIGH IMPACT BASELINE,ia-1,https://oscal-compass.github.io/compliance-trestle/schemas/oscal,,,,,,,,,,
test-component,Testing trestlebot init,service,rule-cp-9.8,Rule for cp-9.8,trestle://profiles/nist_rev5_800_53/profile.json,NIST Special Publication 800-53 Revision 5 HIGH IMPACT BASELINE,cp-9.8,https://oscal-compass.github.io/compliance-trestle/schemas/oscal,,,,,,,,,,
test-component,Testing trestlebot init,service,rule-ac-6.10,Rule for ac-6.10,trestle://profiles/nist_rev5_800_53/profile.json,NIST Special Publication 800-53 Revision 5 HIGH IMPACT BASELINE,ac-6.10,https://oscal-compass.github.io/compliance-trestle/schemas/oscal,,,,,,,,,,
test-component,Testing trestlebot init,service,rule-cm-3.4,Rule for cm-3.4,trestle://profiles/nist_rev5_800_53/profile.json,NIST Special Publication 800-53 Revision 5 HIGH IMPACT BASELINE,cm-3.4,https://oscal-compass.github.io/compliance-trestle/schemas/oscal,,,,,,,,,,
test-component,Testing trestlebot init,service,rule-cp-7.3,Rule for cp-7.3,trestle://profiles/nist_rev5_800_53/profile.json,NIST Special Publication 800-53 Revision 5 HIGH IMPACT BASELINE,cp-7.3,https://oscal-compass.github.io/compliance-trestle/schemas/oscal,,,,,,,,,,
test-component,Testing trestlebot init,service,rule-sr-2.1,Rule for sr-2.1,trestle://profiles/nist_rev5_800_53/profile.json,NIST Special Publication 800-53 Revision 5 HIGH IMPACT BASELINE,sr-2.1,https://oscal-compass.github.io/compliance-trestle/schemas/oscal,,,,,,,,,,
test-component,Testing trestlebot init,service,rule-ps-2,Rule for ps-2,trestle://profiles/nist_rev5_800_53/profile.json,NIST Special Publication 800-53 Revision 5 HIGH IMPACT BASELINE,ps-2,https://oscal-compass.github.io/compliance-trestle/schemas/oscal,,,,,,,,,,
test-component,Testing trestlebot init,service,rule-au-6.3,Rule for au-6.3,trestle://profiles/nist_rev5_800_53/profile.json,NIST Special Publication 800-53 Revision 5 HIGH IMPACT BASELINE,au-6.3,https://oscal-compass.github.io/compliance-trestle/schemas/oscal,,,,,,,,,,
test-component,Testing trestlebot init,service,rule-sc-3,Rule for sc-3,trestle://profiles/nist_rev5_800_53/profile.json,NIST Special Publication 800-53 Revision 5 HIGH IMPACT BASELINE,sc-3,https://oscal-compass.github.io/compliance-trestle/schemas/oscal,,,,,,,,,,
test-component,Testing trestlebot init,service,rule-sc-5,Rule for sc-5,trestle://profiles/nist_rev5_800_53/profile.json,NIST Special Publication 800-53 Revision 5 HIGH IMPACT BASELINE,sc-5,https://oscal-compass.github.io/compliance-trestle/schemas/oscal,,,,,,,,,,
test-component,Testing trestlebot init,service,rule-ra-5.4,Rule for ra-5.4,trestle://profiles/nist_rev5_800_53/profile.json,NIST Special Publication 800-53 Revision 5 HIGH IMPACT BASELINE,ra-5.4,https://oscal-compass.github.io/compliance-trestle/schemas/oscal,,,,,,,,,,
test-component,Testing trestlebot init,service,rule-pe-18,Rule for pe-18,trestle://profiles/nist_rev5_800_53/profile.json,NIST Special Publication 800-53 Revision 5 HIGH IMPACT BASELINE,pe-18,https://oscal-compass.github.io/compliance-trestle/schemas/oscal,,,,,,,,,,
test-component,Testing trestlebot init,service,rule-ca-2.1,Rule for ca-2.1,trestle://profiles/nist_rev5_800_53/profile.json,NIST Special Publication 800-53 Revision 5 HIGH IMPACT BASELINE,ca-2.1,https://oscal-compass.github.io/compliance-trestle/schemas/oscal,,,,,,,,,,
test-component,Testing trestlebot init,service,rule-sa-21,Rule for sa-21,trestle://profiles/nist_rev5_800_53/profile.json,NIST Special Publication 800-53 Revision 5 HIGH IMPACT BASELINE,sa-21,https://oscal-compass.github.io/compliance-trestle/schemas/oscal,,,,,,,,,,
test-component,Testing trestlebot init,service,rule-cm-7.2,Rule for cm-7.2,trestle://profiles/nist_rev5_800_53/profile.json,NIST Special Publication 800-53 Revision 5 HIGH IMPACT BASELINE,cm-7.2,https://oscal-compass.github.io/compliance-trestle/schemas/oscal,,,,,,,,,,
test-component,Testing trestlebot init,service,rule-ir-8,Rule for ir-8,trestle://profiles/nist_rev5_800_53/profile.json,NIST Special Publication 800-53 Revision 5 HIGH IMPACT BASELINE,ir-8,https://oscal-compass.github.io/compliance-trestle/schemas/oscal,,,,,,,,,,
test-component,Testing trestlebot init,service,rule-ca-3,Rule for ca-3,trestle://profiles/nist_rev5_800_53/profile.json,NIST Special Publication 800-53 Revision 5 HIGH IMPACT BASELINE,ca-3,https://oscal-compass.github.io/compliance-trestle/schemas/oscal,,,,,,,,,,
test-component,Testing trestlebot init,service,rule-sr-6,Rule for sr-6,trestle://profiles/nist_rev5_800_53/profile.json,NIST Special Publication 800-53 Revision 5 HIGH IMPACT BASELINE,sr-6,https://oscal-compass.github.io/compliance-trestle/schemas/oscal,,,,,,,,,,
test-component,Testing trestlebot init,service,rule-si-16,Rule for si-16,trestle://profiles/nist_rev5_800_53/profile.json,NIST Special Publication 800-53 Revision 5 HIGH IMPACT BASELINE,si-16,https://oscal-compass.github.io/compliance-trestle/schemas/oscal,,,,,,,,,,
test-component,Testing trestlebot init,service,rule-cp-8,Rule for cp-8,trestle://profiles/nist_rev5_800_53/profile.json,NIST Special Publication 800-53 Revision 5 HIGH IMPACT BASELINE,cp-8,https://oscal-compass.github.io/compliance-trestle/schemas/oscal,,,,,,,,,,
test-component,Testing trestlebot init,service,rule-ac-6.2,Rule for ac-6.2,trestle://profiles/nist_rev5_800_53/profile.json,NIST Special Publication 800-53 Revision 5 HIGH IMPACT BASELINE,ac-6.2,https://oscal-compass.github.io/compliance-trestle/schemas/oscal,,,,,,,,,,
test-component,Testing trestlebot init,service,rule-at-2.2,Rule for at-2.2,trestle://profiles/nist_rev5_800_53/profile.json,NIST Special Publication 800-53 Revision 5 HIGH IMPACT BASELINE,at-2.2,https://oscal-compass.github.io/compliance-trestle/schemas/oscal,,,,,,,,,,
test-component,Testing trestlebot init,service,rule-pl-4.1,Rule for pl-4.1,trestle://profiles/nist_rev5_800_53/profile.json,NIST Special Publication 800-53 Revision 5 HIGH IMPACT BASELINE,pl-4.1,https://oscal-compass.github.io/compliance-trestle/schemas/oscal,,,,,,,,,,
test-component,Testing trestlebot init,service,rule-pe-8.1,Rule for pe-8.1,trestle://profiles/nist_rev5_800_53/profile.json,NIST Special Publication 800-53 Revision 5 HIGH IMPACT BASELINE,pe-8.1,https://oscal-compass.github.io/compliance-trestle/schemas/oscal,,,,,,,,,,
test-component,Testing trestlebot init,service,rule-ac-2.4,Rule for ac-2.4,trestle://profiles/nist_rev5_800_53/profile.json,NIST Special Publication 800-53 Revision 5 HIGH IMPACT BASELINE,ac-2.4,https://oscal-compass.github.io/compliance-trestle/schemas/oscal,,,,,,,,,,
test-component,Testing trestlebot init,service,rule-mp-6.3,Rule for mp-6.3,trestle://profiles/nist_rev5_800_53/profile.json,NIST Special Publication 800-53 Revision 5 HIGH IMPACT BASELINE,mp-6.3,https://oscal-compass.github.io/compliance-trestle/schemas/oscal,,,,,,,,,,
test-component,Testing trestlebot init,service,rule-ps-8,Rule for ps-8,trestle://profiles/nist_rev5_800_53/profile.json,NIST Special Publication 800-53 Revision 5 HIGH IMPACT BASELINE,ps-8,https://oscal-compass.github.io/compliance-trestle/schemas/oscal,,,,,,,,,,
test-component,Testing trestlebot init,service,rule-si-7.15,Rule for si-7.15,trestle://profiles/nist_rev5_800_53/profile.json,NIST Special Publication 800-53 Revision 5 HIGH IMPACT BASELINE,si-7.15,https://oscal-compass.github.io/compliance-trestle/schemas/oscal,,,,,,,,,,
test-component,Testing trestlebot init,service,rule-ma-3.1,Rule for ma-3.1,trestle://profiles/nist_rev5_800_53/profile.json,NIST Special Publication 800-53 Revision 5 HIGH IMPACT BASELINE,ma-3.1,https://oscal-compass.github.io/compliance-trestle/schemas/oscal,,,,,,,,,,
test-component,Testing trestlebot init,service,rule-ac-6.3,Rule for ac-6.3,trestle://profiles/nist_rev5_800_53/profile.json,NIST Special Publication 800-53 Revision 5 HIGH IMPACT BASELINE,ac-6.3,https://oscal-compass.github.io/compliance-trestle/schemas/oscal,,,,,,,,,,
test-component,Testing trestlebot init,service,rule-ir-7,Rule for ir-7,trestle://profiles/nist_rev5_800_53/profile.json,NIST Special Publication 800-53 Revision 5 HIGH IMPACT BASELINE,ir-7,https://oscal-compass.github.io/compliance-trestle/schemas/oscal,,,,,,,,,,
test-component,Testing trestlebot init,service,rule-cp-4,Rule for cp-4,trestle://profiles/nist_rev5_800_53/profile.json,NIST Special Publication 800-53 Revision 5 HIGH IMPACT BASELINE,cp-4,https://oscal-compass.github.io/compliance-trestle/schemas/oscal,,,,,,,,,,
test-component,Testing trestlebot init,service,rule-ra-7,Rule for ra-7,trestle://profiles/nist_rev5_800_53/profile.json,NIST Special Publication 800-53 Revision 5 HIGH IMPACT BASELINE,ra-7,https://oscal-compass.github.io/compliance-trestle/schemas/oscal,,,,,,,,,,
test-component,Testing trestlebot init,service,rule-sc-7.21,Rule for sc-7.21,trestle://profiles/nist_rev5_800_53/profile.json,NIST Special Publication 800-53 Revision 5 HIGH IMPACT BASELINE,sc-7.21,https://oscal-compass.github.io/compliance-trestle/schemas/oscal,,,,,,,,,,
test-component,Testing trestlebot init,service,rule-pe-13,Rule for pe-13,trestle://profiles/nist_rev5_800_53/profile.json,NIST Special Publication 800-53 Revision 5 HIGH IMPACT BASELINE,pe-13,https://oscal-compass.github.io/compliance-trestle/schemas/oscal,,,,,,,,,,
test-component,Testing trestlebot init,service,rule-ac-2.13,Rule for ac-2.13,trestle://profiles/nist_rev5_800_53/profile.json,NIST Special Publication 800-53 Revision 5 HIGH IMPACT BASELINE,ac-2.13,https://oscal-compass.github.io/compliance-trestle/schemas/oscal,,,,,,,,,,
test-component,Testing trestlebot init,service,rule-ir-6,Rule for ir-6,trestle://profiles/nist_rev5_800_53/profile.json,NIST Special Publication 800-53 Revision 5 HIGH IMPACT BASELINE,ir-6,https://oscal-compass.github.io/compliance-trestle/schemas/oscal,,,,,,,,,,
test-component,Testing trestlebot init,service,rule-ia-5.6,Rule for ia-5.6,trestle://profiles/nist_rev5_800_53/profile.json,NIST Special Publication 800-53 Revision 5 HIGH IMPACT BASELINE,ia-5.6,https://oscal-compass.github.io/compliance-trestle/schemas/oscal,,,,,,,,,,
test-component,Testing trestlebot init,service,rule-ma-4,Rule for ma-4,trestle://profiles/nist_rev5_800_53/profile.json,NIST Special Publication 800-53 Revision 5 HIGH IMPACT BASELINE,ma-4,https://oscal-compass.github.io/compliance-trestle/schemas/oscal,,,,,,,,,,
test-component,Testing trestlebot init,service,rule-ia-2.5,Rule for ia-2.5,trestle://profiles/nist_rev5_800_53/profile.json,NIST Special Publication 800-53 Revision 5 HIGH IMPACT BASELINE,ia-2.5,https://oscal-compass.github.io/compliance-trestle/schemas/oscal,,,,,,,,,,
test-component,Testing trestlebot init,service,rule-sa-8,Rule for sa-8,trestle://profiles/nist_rev5_800_53/profile.json,NIST Special Publication 800-53 Revision 5 HIGH IMPACT BASELINE,sa-8,https://oscal-compass.github.io/compliance-trestle/schemas/oscal,,,,,,,,,,
test-component,Testing trestlebot init,service,rule-sc-1,Rule for sc-1,trestle://profiles/nist_rev5_800_53/profile.json,NIST Special Publication 800-53 Revision 5 HIGH IMPACT BASELINE,sc-1,https://oscal-compass.github.io/compliance-trestle/schemas/oscal,,,,,,,,,,
test-component,Testing trestlebot init,service,rule-sc-7,Rule for sc-7,trestle://profiles/nist_rev5_800_53/profile.json,NIST Special Publication 800-53 Revision 5 HIGH IMPACT BASELINE,sc-7,https://oscal-compass.github.io/compliance-trestle/schemas/oscal,,,,,,,,,,
test-component,Testing trestlebot init,service,rule-ac-18.5,Rule for ac-18.5,trestle://profiles/nist_rev5_800_53/profile.json,NIST Special Publication 800-53 Revision 5 HIGH IMPACT BASELINE,ac-18.5,https://oscal-compass.github.io/compliance-trestle/schemas/oscal,,,,,,,,,,
test-component,Testing trestlebot init,service,rule-ac-19,Rule for ac-19,trestle://profiles/nist_rev5_800_53/profile.json,NIST Special Publication 800-53 Revision 5 HIGH IMPACT BASELINE,ac-19,https://oscal-compass.github.io/compliance-trestle/schemas/oscal,,,,,,,,,,
test-component,Testing trestlebot init,service,rule-ia-8.4,Rule for ia-8.4,trestle://profiles/nist_rev5_800_53/profile.json,NIST Special Publication 800-53 Revision 5 HIGH IMPACT BASELINE,ia-8.4,https://oscal-compass.github.io/compliance-trestle/schemas/oscal,,,,,,,,,,
test-component,Testing trestlebot init,service,rule-sa-4.9,Rule for sa-4.9,trestle://profiles/nist_rev5_800_53/profile.json,NIST Special Publication 800-53 Revision 5 HIGH IMPACT BASELINE,sa-4.9,https://oscal-compass.github.io/compliance-trestle/schemas/oscal,,,,,,,,,,
test-component,Testing trestlebot init,service,rule-cp-9.3,Rule for cp-9.3,trestle://profiles/nist_rev5_800_53/profile.json,NIST Special Publication 800-53 Revision 5 HIGH IMPACT BASELINE,cp-9.3,https://oscal-compass.github.io/compliance-trestle/schemas/oscal,,,,,,,,,,
test-component,Testing trestlebot init,service,rule-ia-8.2,Rule for ia-8.2,trestle://profiles/nist_rev5_800_53/profile.json,NIST Special Publication 800-53 Revision 5 HIGH IMPACT BASELINE,ia-8.2,https://oscal-compass.github.io/compliance-trestle/schemas/oscal,,,,,,,,,,
test-component,Testing trestlebot init,service,rule-at-1,Rule for at-1,trestle://profiles/nist_rev5_800_53/profile.json,NIST Special Publication 800-53 Revision 5 HIGH IMPACT BASELINE,at-1,https://oscal-compass.github.io/compliance-trestle/schemas/oscal,,,,,,,,,,
test-component,Testing trestlebot init,service,rule-ac-20,Rule for ac-20,trestle://profiles/nist_rev5_800_53/profile.json,NIST Special Publication 800-53 Revision 5 HIGH IMPACT BASELINE,ac-20,https://oscal-compass.github.io/compliance-trestle/schemas/oscal,,,,,,,,,,
test-component,Testing trestlebot init,service,rule-sc-20,Rule for sc-20,trestle://profiles/nist_rev5_800_53/profile.json,NIST Special Publication 800-53 Revision 5 HIGH IMPACT BASELINE,sc-20,https://oscal-compass.github.io/compliance-trestle/schemas/oscal,,,,,,,,,,
test-component,Testing trestlebot init,service,rule-sr-3,Rule for sr-3,trestle://profiles/nist_rev5_800_53/profile.json,NIST Special Publication 800-53 Revision 5 HIGH IMPACT BASELINE,sr-3,https://oscal-compass.github.io/compliance-trestle/schemas/oscal,,,,,,,,,,
test-component,Testing trestlebot init,service,rule-ma-4.3,Rule for ma-4.3,trestle://profiles/nist_rev5_800_53/profile.json,NIST Special Publication 800-53 Revision 5 HIGH IMPACT BASELINE,ma-4.3,https://oscal-compass.github.io/compliance-trestle/schemas/oscal,,,,,,,,,,
test-component,Testing trestlebot init,service,rule-cm-1,Rule for cm-1,trestle://profiles/nist_rev5_800_53/profile.json,NIST Special Publication 800-53 Revision 5 HIGH IMPACT BASELINE,cm-1,https://oscal-compass.github.io/compliance-trestle/schemas/oscal,,,,,,,,,,
test-component,Testing trestlebot init,service,rule-mp-6.2,Rule for mp-6.2,trestle://profiles/nist_rev5_800_53/profile.json,NIST Special Publication 800-53 Revision 5 HIGH IMPACT BASELINE,mp-6.2,https://oscal-compass.github.io/compliance-trestle/schemas/oscal,,,,,,,,,,
test-component,Testing trestlebot init,service,rule-si-4,Rule for si-4,trestle://profiles/nist_rev5_800_53/profile.json,NIST Special Publication 800-53 Revision 5 HIGH IMPACT BASELINE,si-4,https://oscal-compass.github.io/compliance-trestle/schemas/oscal,,,,,,,,,,
test-component,Testing trestlebot init,service,rule-ca-8.1,Rule for ca-8.1,trestle://profiles/nist_rev5_800_53/profile.json,NIST Special Publication 800-53 Revision 5 HIGH IMPACT BASELINE,ca-8.1,https://oscal-compass.github.io/compliance-trestle/schemas/oscal,,,,,,,,,,
test-component,Testing trestlebot init,service,rule-ir-1,Rule for ir-1,trestle://profiles/nist_rev5_800_53/profile.json,NIST Special Publication 800-53 Revision 5 HIGH IMPACT BASELINE,ir-1,https://oscal-compass.github.io/compliance-trestle/schemas/oscal,,,,,,,,,,
test-component,Testing trestlebot init,service,rule-ia-2,Rule for ia-2,trestle://profiles/nist_rev5_800_53/profile.json,NIST Special Publication 800-53 Revision 5 HIGH IMPACT BASELINE,ia-2,https://oscal-compass.github.io/compliance-trestle/schemas/oscal,,,,,,,,,,
test-component,Testing trestlebot init,service,rule-ra-5.5,Rule for ra-5.5,trestle://profiles/nist_rev5_800_53/profile.json,NIST Special Publication 800-53 Revision 5 HIGH IMPACT BASELINE,ra-5.5,https://oscal-compass.github.io/compliance-trestle/schemas/oscal,,,,,,,,,,
test-component,Testing trestlebot init,service,rule-cm-2.7,Rule for cm-2.7,trestle://profiles/nist_rev5_800_53/profile.json,NIST Special Publication 800-53 Revision 5 HIGH IMPACT BASELINE,cm-2.7,https://oscal-compass.github.io/compliance-trestle/schemas/oscal,,,,,,,,,,
test-component,Testing trestlebot init,service,rule-ac-6.5,Rule for ac-6.5,trestle://profiles/nist_rev5_800_53/profile.json,NIST Special Publication 800-53 Revision 5 HIGH IMPACT BASELINE,ac-6.5,https://oscal-compass.github.io/compliance-trestle/schemas/oscal,,,,,,,,,,
test-component,Testing trestlebot init,service,rule-sc-8,Rule for sc-8,trestle://profiles/nist_rev5_800_53/profile.json,NIST Special Publication 800-53 Revision 5 HIGH IMPACT BASELINE,sc-8,https://oscal-compass.github.io/compliance-trestle/schemas/oscal,,,,,,,,,,
test-component,Testing trestlebot init,service,rule-cm-2,Rule for cm-2,trestle://profiles/nist_rev5_800_53/profile.json,NIST Special Publication 800-53 Revision 5 HIGH IMPACT BASELINE,cm-2,https://oscal-compass.github.io/compliance-trestle/schemas/oscal,,,,,,,,,,
test-component,Testing trestlebot init,service,rule-ia-8.1,Rule for ia-8.1,trestle://profiles/nist_rev5_800_53/profile.json,NIST Special Publication 800-53 Revision 5 HIGH IMPACT BASELINE,ia-8.1,https://oscal-compass.github.io/compliance-trestle/schemas/oscal,,,,,,,,,,
test-component,Testing trestlebot init,service,rule-cp-4.2,Rule for cp-4.2,trestle://profiles/nist_rev5_800_53/profile.json,NIST Special Publication 800-53 Revision 5 HIGH IMPACT BASELINE,cp-4.2,https://oscal-compass.github.io/compliance-trestle/schemas/oscal,,,,,,,,,,
test-component,Testing trestlebot init,service,rule-ps-5,Rule for ps-5,trestle://profiles/nist_rev5_800_53/profile.json,NIST Special Publication 800-53 Revision 5 HIGH IMPACT BASELINE,ps-5,https://oscal-compass.github.io/compliance-trestle/schemas/oscal,,,,,,,,,,
test-component,Testing trestlebot init,service,rule-sa-3,Rule for sa-3,trestle://profiles/nist_rev5_800_53/profile.json,NIST Special Publication 800-53 Revision 5 HIGH IMPACT BASELINE,sa-3,https://oscal-compass.github.io/compliance-trestle/schemas/oscal,,,,,,,,,,
test-component,Testing trestlebot init,service,rule-mp-2,Rule for mp-2,trestle://profiles/nist_rev5_800_53/profile.json,NIST Special Publication 800-53 Revision 5 HIGH IMPACT BASELINE,mp-2,https://oscal-compass.github.io/compliance-trestle/schemas/oscal,,,,,,,,,,
test-component,Testing trestlebot init,service,rule-cp-10.4,Rule for cp-10.4,trestle://profiles/nist_rev5_800_53/profile.json,NIST Special Publication 800-53 Revision 5 HIGH IMPACT BASELINE,cp-10.4,https://oscal-compass.github.io/compliance-trestle/schemas/oscal,,,,,,,,,,
test-component,Testing trestlebot init,service,rule-sc-7.5,Rule for sc-7.5,trestle://profiles/nist_rev5_800_53/profile.json,NIST Special Publication 800-53 Revision 5 HIGH IMPACT BASELINE,sc-7.5,https://oscal-compass.github.io/compliance-trestle/schemas/oscal,,,,,,,,,,
test-component,Testing trestlebot init,service,rule-ia-12.2,Rule for ia-12.2,trestle://profiles/nist_rev5_800_53/profile.json,NIST Special Publication 800-53 Revision 5 HIGH IMPACT BASELINE,ia-12.2,https://oscal-compass.github.io/compliance-trestle/schemas/oscal,,,,,,,,,,
test-component,Testing trestlebot init,service,rule-sc-15,Rule for sc-15,trestle://profiles/nist_rev5_800_53/profile.json,NIST Special Publication 800-53 Revision 5 HIGH IMPACT BASELINE,sc-15,https://oscal-compass.github.io/compliance-trestle/schemas/oscal,,,,,,,,,,
test-component,Testing trestlebot init,service,rule-pe-16,Rule for pe-16,trestle://profiles/nist_rev5_800_53/profile.json,NIST Special Publication 800-53 Revision 5 HIGH IMPACT BASELINE,pe-16,https://oscal-compass.github.io/compliance-trestle/schemas/oscal,,,,,,,,,,
test-component,Testing trestlebot init,service,rule-ac-18,Rule for ac-18,trestle://profiles/nist_rev5_800_53/profile.json,NIST Special Publication 800-53 Revision 5 HIGH IMPACT BASELINE,ac-18,https://oscal-compass.github.io/compliance-trestle/schemas/oscal,,,,,,,,,,
test-component,Testing trestlebot init,service,rule-ir-2.2,Rule for ir-2.2,trestle://profiles/nist_rev5_800_53/profile.json,NIST Special Publication 800-53 Revision 5 HIGH IMPACT BASELINE,ir-2.2,https://oscal-compass.github.io/compliance-trestle/schemas/oscal,,,,,,,,,,
test-component,Testing trestlebot init,service,rule-sc-7.8,Rule for sc-7.8,trestle://profiles/nist_rev5_800_53/profile.json,NIST Special Publication 800-53 Revision 5 HIGH IMPACT BASELINE,sc-7.8,https://oscal-compass.github.io/compliance-trestle/schemas/oscal,,,,,,,,,,
test-component,Testing trestlebot init,service,rule-pe-8,Rule for pe-8,trestle://profiles/nist_rev5_800_53/profile.json,NIST Special Publication 800-53 Revision 5 HIGH IMPACT BASELINE,pe-8,https://oscal-compass.github.io/compliance-trestle/schemas/oscal,,,,,,,,,,
test-component,Testing trestlebot init,service,rule-si-4.20,Rule for si-4.20,trestle://profiles/nist_rev5_800_53/profile.json,NIST Special Publication 800-53 Revision 5 HIGH IMPACT BASELINE,si-4.20,https://oscal-compass.github.io/compliance-trestle/schemas/oscal,,,,,,,,,,
test-component,Testing trestlebot init,service,rule-cm-8.4,Rule for cm-8.4,trestle://profiles/nist_rev5_800_53/profile.json,NIST Special Publication 800-53 Revision 5 HIGH IMPACT BASELINE,cm-8.4,https://oscal-compass.github.io/compliance-trestle/schemas/oscal,,,,,,,,,,
test-component,Testing trestlebot init,service,rule-ma-3.3,Rule for ma-3.3,trestle://profiles/nist_rev5_800_53/profile.json,NIST Special Publication 800-53 Revision 5 HIGH IMPACT BASELINE,ma-3.3,https://oscal-compass.github.io/compliance-trestle/schemas/oscal,,,,,,,,,,
test-component,Testing trestlebot init,service,rule-si-7.7,Rule for si-7.7,trestle://profiles/nist_rev5_800_53/profile.json,NIST Special Publication 800-53 Revision 5 HIGH IMPACT BASELINE,si-7.7,https://oscal-compass.github.io/compliance-trestle/schemas/oscal,,,,,,,,,,
test-component,Testing trestlebot init,service,rule-ac-17.1,Rule for ac-17.1,trestle://profiles/nist_rev5_800_53/profile.json,NIST Special Publication 800-53 Revision 5 HIGH IMPACT BASELINE,ac-17.1,https://oscal-compass.github.io/compliance-trestle/schemas/oscal,,,,,,,,,,
test-component,Testing trestlebot init,service,rule-ir-7.1,Rule for ir-7.1,trestle://profiles/nist_rev5_800_53/profile.json,NIST Special Publication 800-53 Revision 5 HIGH IMPACT BASELINE,ir-7.1,https://oscal-compass.github.io/compliance-trestle/schemas/oscal,,,,,,,,,,
test-component,Testing trestlebot init,service,rule-ia-2.1,Rule for ia-2.1,trestle://profiles/nist_rev5_800_53/profile.json,NIST Special Publication 800-53 Revision 5 HIGH IMPACT BASELINE,ia-2.1,https://oscal-compass.github.io/compliance-trestle/schemas/oscal,,,,,,,,,,
test-component,Testing trestlebot init,service,rule-au-9,Rule for au-9,trestle://profiles/nist_rev5_800_53/profile.json,NIST Special Publication 800-53 Revision 5 HIGH IMPACT BASELINE,au-9,https://oscal-compass.github.io/compliance-trestle/schemas/oscal,,,,,,,,,,
test-component,Testing trestlebot init,service,rule-ma-2.2,Rule for ma-2.2,trestle://profiles/nist_rev5_800_53/profile.json,NIST Special Publication 800-53 Revision 5 HIGH IMPACT BASELINE,ma-2.2,https://oscal-compass.github.io/compliance-trestle/schemas/oscal,,,,,,,,,,
test-component,Testing trestlebot init,service,rule-sc-7.18,Rule for sc-7.18,trestle://profiles/nist_rev5_800_53/profile.json,NIST Special Publication 800-53 Revision 5 HIGH IMPACT BASELINE,sc-7.18,https://oscal-compass.github.io/compliance-trestle/schemas/oscal,,,,,,,,,,
test-component,Testing trestlebot init,service,rule-au-2,Rule for au-2,trestle://profiles/nist_rev5_800_53/profile.json,NIST Special Publication 800-53 Revision 5 HIGH IMPACT BASELINE,au-2,https://oscal-compass.github.io/compliance-trestle/schemas/oscal,,,,,,,,,,
test-component,Testing trestlebot init,service,rule-cp-2.2,Rule for cp-2.2,trestle://profiles/nist_rev5_800_53/profile.json,NIST Special Publication 800-53 Revision 5 HIGH IMPACT BASELINE,cp-2.2,https://oscal-compass.github.io/compliance-trestle/schemas/oscal,,,,,,,,,,
test-component,Testing trestlebot init,service,rule-sc-23,Rule for sc-23,trestle://profiles/nist_rev5_800_53/profile.json,NIST Special Publication 800-53 Revision 5 HIGH IMPACT BASELINE,sc-23,https://oscal-compass.github.io/compliance-trestle/schemas/oscal,,,,,,,,,,
